Row Labels,Sum of Percent with religious exemption
10TH STREET SCHOOL,0.6
2,0.6
49TH STREET ACADEMY,0
3,0
A G WEST BLACK HILLS HIGH SCHOOL,0.7
10,0.7
A J WEST ELEMENTARY,0
6,0
ABRAHAM LINCOLN ELEMENTARY,0
8,0
ACADEMIC INSTITUTE,0
9,0
ACADEMY FOR PRECISION LEARNING,1.7
7,1.7
ACADEMY NW/FAMILY ACADEMY,4.4
1,4.4
ACADEMY OF CITIZENSHIP AND EMPOWERMENT,0
9,0
ACADEMY OF CONST AND ENGINEERING,0.5
2,0.5
ACADEMY SCHOOLS / CHILDRENâ€™S ACADEMY,0
9,0
ACCELERATION ACADEMY,0.8
10,0.8
ACES HIGH SCHOOL,0
2,0
ACME ELEMENTARY,0
1,0
ADAMS ELEMENTARY,2
4,0.3
5,1.7
ADAMS ELEMENTARY SCHOOL,0
4,0
7,0
ADELAIDE ELEMENTARY SCHOOL,0
9,0
ADNA ELEMENTARY SCHOOL,0
0,0
ADNA ELEMENTARY/MIDDLE/HIGH SCHOOL,0.3
0,0.3
AHTANUM VALLEY ELEMENTARY,0
4,0
AIM HIGH SCHOOL,0
1,0
AKI KUROSE MIDDLE SCHOOL,0
9,0
ALBERT EINSTEIN MIDDLE SCHOOL,0.1
7,0.1
ALCOTT ELEMENTARY,0.1
1,0.1
ALCUIN SCHOOL,0
7,0
ALDERWOOD ELEMENTARY SCHOOL,0
1,0
ALDERWOOD MIDDLE SCHOOL,0.4
2,0.4
ALFARETTA HOUSE,0
10,0
"ALGER LEARNING CENTER, INC.",0
2,0
ALKI ELEMENTARY SCHOOL,0
7,0
ALKI MIDDLE SCHOOL,0.6
3,0.6
ALL SAINTS CATHOLIC SCHOOL,0
5,0
ALL SAINTS SCHOOL,0
10,0
ALLEN CREEK ELEMENTARY SCHOOL,0.2
2,0.2
ALLEN ELEMENTARY,0.3
2,0.3
ALMIRA COULEE HARTLINE HIGH SCHOOL,0
4,0
ALMIRA ELEMENTARY SCHOOL,0
0,0
ALPAC ELEMENTARY SCHOOL,0.5
8,0.5
ALTERNATIVE HIGH SCHOOL,0
6,0
ALTERNATIVE SCHOOL (METHOW VALLEY INDEPENDENT  LC),0
4,0
AMAZING GRACE CHRISTIAN SCHOOL,0
9,0
AMBOY MIDDLE SCHOOL,0.5
3,0.5
AMERICA'S CHILD MONTESSORI,0
9,0
AMISTAD ELEMENTARY SCHOOL,0
4,0
ANACORTES HIGH SCHOOL,0.3
2,0.3
ANACORTES MIDDLE SCHOOL,0.2
2,0.2
ANDERSON ISLAND ELEMENTARY,0
10,0
ANGELO GIAUDRONE MIDDLE SCHOOL,0.2
6,0.2
ANNIE WRIGHT SCHOOL,0
6,0
APOLLO ELEMENTARY,0.3
8,0.3
APOLO HIGH SCHOOL,0
3,0
APP AT LINCOLN,0.3
7,0.3
APPLE VALLEY ELEMENTARY,0
4,0
APPLIED SCHOLASTICS ACADEMY OF SEATTLE,0
7,0
ARBOR HEIGHTS ELEMENTARY SCHOOL,0.2
7,0.2
ARBOR SCHOOLS,0
8,0
ARCADIA ELEMENTARY,0.2
0,0.2
ARCHBISHOP THOMAS J. MURPHY HIGH SCHOOL,0
1,0
ARDMORE ELEMENTARY SCHOOL,0.2
9,0.2
ARLINGTON ELEMENTARY,1
5,1
ARLINGTON ELEMENTARY SCHOOL,0
6,0
ARLINGTON HIGH SCHOOL,0.7
2,0.7
ARMIN JAHR ELEMENTARY,0
6,0
ARROWHEAD ELEMENTARY,0
1,0
ARTHUR JACOBSEN ELEMENTARY,0.2
8,0.2
ARTONDALE ELEMENTARY SCHOOL,0.5
6,0.5
ARTS AND ACADEMICS ACADEMY,0
7,0
ARTZ FOX ELEMENTARY,0
0,0
ASOTIN ELEMENTARY,0.2
0,0.2
ASPIRE MIDDLE SCHOOL,0
10,0
ASSUMPTION CATHOLIC SCHOOL,0
2,0
ASSUMPTION GRADE SCHOOL,2
5,2
ASSUMPTION SCHOOL,0
5,0
ASSUMPTION ST. BRIDGET,0
7,0
AUBURN ADVENTIST ACADEMY,0.9
8,0.9
AUBURN MOUNTAINVIEW HIGH SCHOOL,0.1
8,0.1
AUBURN RIVERSIDE HIGH SCHOOL,0.2
8,0.2
AUBURN SENIOR HIGH SCHOOL,0.3
8,0.3
AUDUBON ELEMENTARY,0.3
1,0
5,0.3
AVANTI HIGH SCHOOL,1.3
10,1.3
AYLEN JR HIGH,0
10,0
B F DAY ELEMENTARY SCHOOL,0.3
7,0.3
BADGER MOUNTAIN ELEMENTARY,0.2
4,0.2
BAILEY GATZERT ELEMENTARY SCHOOL,0.3
9,0.3
BAINBRIDGE HIGH SCHOOL,0.2
6,0.2
BAKER MIDDLE SCHOOL,0.6
6,0.6
BAKER VIEW CHRISTIAN SCHOOL,0
1,0
BALBOA ELEMENTARY,0
5,0
BALLARD HIGH SCHOOL,0.2
7,0.2
BALLOU JR HIGH,0.5
10,0.5
BARBARA MCCLINTOCK STEM ELEMENTARY,0.3
4,0.3
BARGE-LINCOLN ELEMENTARY SCHOOL,0
4,0
BARKER CENTER,0
5,0
BARNES ELEMENTARY,0
3,0
BASIN CITY ELEMENTARY,0.2
4,0.2
BATTLE GROUND HIGH SCHOOL,0.6
0,0.6
BAY VIEW ELEMENTARY,0
2,0
BEACH ELEM,0
1,0
BEACHWOOD ELEMENTARY SCHOOL,0.6
0,0.6
BEACON AVENUE ELEMENTARY SCHOOL,0
6,0
BEACON HILL ELEMENTARY,0.4
3,0.4
BEACON HILL INTERNATIONAL SCHOOL,0
9,0
BEAR CREEK ELEMENTARY,0
1,0
BEAVER LAKE MIDDLE SCHOOL,0.2
8,0.2
BEAVER VALLEY SCHOOL,0
8,0
BEEZLEY SPRINGS ELEMENTARY,0
4,0
BEL-RED BILINGUAL ACADEMY,0
9,0
BELFAIR ELEMENTARY,0
0,0
BELL ELEMENTARY,0.5
1,0.5
BELLARMINE PREPARATORY SCHOOL,0.1
6,0.1
BELLEVUE BIG PICTURE SCHOOL,0
9,0
BELLEVUE CHILDREN'S ACADEMY,0
9,0
BELLEVUE CHILDREN'S ACADEMY 2ND LOCATION,0
9,0
BELLEVUE CHRISTIAN MACK ELEMENTARY,0
1,0
BELLEVUE CHRISTIAN SCHOOL,0
9,0
BELLEVUE HIGH SCHOOL,0.4
9,0.4
BELLEVUE MONTESSORI SCHOOL,0
9,0
BELLINGHAM CHRISTIAN SCHOOL,0
2,0
BELLINGHAM HIGH SCHOOL,0.1
2,0.1
BEMISS,0.4
5,0.4
BENGE ELEMENTARY,0
4,0
BENJAMIN FRANKLIN ELEMENTARY,0
3,0
BENNETT ELEMENTARY SCHOOL,0
9,0
BENSON HILL ELEMENTARY SCHOOL,0.9
9,0.9
BERNEY ELEMENTARY SCHOOL,0.5
5,0.5
BERTSCHI SCHOOL,0
7,0
BESS HERIAN ELEMENTARY,1
5,1
BEST NIGHT SR HIGH SCHOOL,0
1,0
BETHANY LUTHERAN ELEMENTARY,0
6,0
BETHEL HIGH SCHOOL,0.2
10,0.2
BETHEL MIDDLE SCHOOL,0.2
10,0.2
BETHLEHEM LUTHERAN SCHOOL,0
4,0
BETZ ELEMENTARY,0
5,0
BEVERLY ELEMENTARY,0.5
2,0.5
BEVERLY PARK ELEM AT GLENDALE,0
9,0
BICKLETON ELEMENTARY & HIGH SCHOOL,0
3,0
BIG LAKE ELEMENTARY SCHOOL,0
1,0
BIG LEAF MONTESSORI,0
0,0
BIG PICTURE SCHOOL,0
9,0
BILLINGS MIDDLE SCHOOL,0
7,0
BIO MED ACADEMY,0
2,0
BIRCHWOOD ELEMENTARY,0
2,0
BIRNEY ELEMENTARY SCHOOL,0
6,0
BISHOP BLANCHET HIGH SCHOOL,0
7,0
BK ACADEMY,0
0,0
BK PLAY ACADEMY FOR GIFTED CHILDREN,0
9,0
BLACK DIAMOND ELEMENTARY,0.4
8,0.4
BLACK LAKE ELEMENTARY,0.6
0,0.6
BLACKWELL ELEMENTARY,0
8,0
BLAINE ELEMENTARY SCHOOL,0.4
1,0.4
BLAINE HIGH SCHOOL,0.1
1,0.1
BLAINE MIDDLE SCHOOL,1.1
1,1.1
BLAINE PRIMARY SCHOOL,0
1,0
BLIX ELEMENTARY SCHOOL,0.4
10,0.4
BLOSSOMING HILL MONTESSORI,0
8,0
BLUE HERON MIDDLE SCHOOL,0.5
6,0.5
BLUE RIDGE ELEMENTARY,0.3
5,0.3
BOISTFORT ELEM,0
3,0
BONNEY LAKE CHRISTIAN ACADEMY,0
8,0
BONNEY LAKE ELEMENTARY,0.4
8,0.4
BONNEY LAKE HIGH SCHOOL,0.4
8,0.4
BORDEAUX ELEMENTARY SCHOOL,0.2
10,0.2
BOSTON HARBOR ELEMENTARY,0.6
10,0.6
BOTHELL HIGH SCHOOL,0.1
1,0.1
BOW LAKE ELEMENTARY,0.3
9,0.3
BOWDISH MIDDLE SCHOOL,0.2
5,0.2
BOZE,0.3
10,0.3
BREMERTON HIGH SCHOOL,0.3
6,0.3
BRENTWOOD ELEMENTARY SCHOOL,0.2
5,0.2
BREWSTER ALTERNATIVE HIGH SCHOOL,0
4,0
BREWSTER ELEMENTARY SCHOOL,0
0,0
BREWSTER HIGH SCHOOL,0
0,0
BREWSTER JUNIOR HIGH SCHOOL,0
0,0
BRIARCREST ELEMENTARY,0
7,0
BRIARWOOD ELEMENTARY,0
8,0
BRIDGEPORT AURORA HIGH SCHOOL,0
4,0
BRIDGEPORT ELEMENTARY,0
4,0
BRIDGEPORT HIGH SCHOOL,0
4,0
BRIDGEPORT MIDDLE SCHOOL,0
4,0
BRIDGEWAY CHRISTIAN ACADEMY,0
1,0
BRIER ELEMENTARY,0.4
2,0.4
BRIER TERRACE MIDDLE SCHOOL,0.2
2,0.2
BRIGADOON ELEMENTARY SCHOOL,1.5
9,1.5
BRIGHT WATER SCHOOL,0
7,0
BRIGHTMONT ACADEMY--BELLEVUE CAMPUS,0
9,0
BRIGHTMONT ACADEMY--SAMMAMISH CAMPUS,0
8,0
BRIGHTMONT ACADEMY--SEATTLE CAMPUS,0
7,0
BRIGHTON SCHOOL,0
2,0
BRINNON ELEMENTARY,3.3
6,3.3
BROADVIEW ELEMENTARY,0.2
2,0.2
BROADVIEW-THOMSON K-8 SCHOOL,0.3
7,0.3
BROADWAY ELEMENTARY,0.4
5,0.4
BROOKDALE ELEMENTARY,0
10,0
BROOKLAKE CHRISTIAN SCHOOL,0
9,0
BROOKSIDE ELEMENTARY,0
7,0
BROUILLET ELEMENTARY,0.3
10,0.3
BROWNE ELEMENTARY,0.5
5,0.5
BROWNS POINT ELEMENTARY SCHOOL,0.2
9,0.2
BROWNSVILLE ELEMENTARY,0
6,0
BRYANT CENTER,2
0,2
BRYANT ELEMENTARY SCHOOL,0.2
7,0.2
BRYANT MONTESSORI SCHOOL,0
6,0
BRYN MAWR ELEMENTARY SCHOOL,0
9,0
BUENA VISTA SDA SCHOOL,0
8,0
BURLEY CHRISTIAN SCHOOL,2
6,2
BURLEY GLENWOOD ELEMENTARY,0.8
6,0.8
BURLINGTON EDISON HIGH SCHOOL,0.3
2,0.3
BURLINGTON-EDISON ALTERNATIVE SCHOOL,0
2,0
BURNT BRIDGE CREEK ELEMENTARY SCH,0.2
3,0.2
BURTON ELEMENTARY SCHOOL,0.2
3,0.2
BUTLER ACRES ELEMENTARY,0
3,0
BYRON KIBLER ELEMENTARY SCHOOL,0
8,0
CALVARY CHAPEL CHRISTIAN SCHOOL,28.6
0,28.6
CALVARY CHRISTIAN ACADEMY,0
2,0
CALVARY CHRISTIAN SCHOOL,0.6
4,0.6
CAM ACADEMY,1.3
3,1.3
CAMAS CHRISTIAN ACADEMY (BRIGHT FUTURES CHRISTIAN SCHOOL),0
3,0
CAMAS ELEMENTARY,0
4,0
CAMAS HIGH SCHOOL,0.5
3,0.5
CAMAS MONTESSORI SCHOOL,0
3,0
CAMAS PRAIRIE ELEMENTARY,0
10,0
CAMELOT ELEMENTARY SCHOOL,0.3
8,0.3
CAMPBELL HILL ELEMENTARY SCHOOL,0.2
9,0.2
CAN LEARN ACADEMY,0
5,0
CANYON CREEK ELEMENTARY,0
1,0
CANYON CREEK MIDDLE SCHOOL,0
3,0
CANYON PARK JR HIGH,0.1
1,0.1
CANYON VIEW ELEMENTARY SCHOOL,0.2
4,0.2
CAP SANTE HIGH SCHOOL,0
2,0
CAPE HORN SKYE ELEMENTARY,1
3,1
CAPITAL HIGH SCHOOL,0.4
10,0.4
CAPITAL MONTESSORI SCHOOL,5.3
0,5.3
CAPT JOHNSTON BLAKELY ELEM SCH,0.6
6,0.6
CAPT. CHARLES WILKES ELEM SCHOOL,0.3
6,0.3
CAPTAIN GRAY ELEMENTARY,0
4,0
CAPTAIN STRONG,0.7
0,0.7
CARBONADO HISTORICAL SCHOOL 19,0
8,0
CARDEN COUNTRY SCHOOL,0
6,0
CAREER ACADEMY AT TRUMAN HIGH SCHOOL,0
9,0
CARL COZIER ELEMENTARY SCHOOL,1.4
2,1.4
CARMICHAEL MIDDLE SCHOOL,0.3
4,0.3
CARNATION ELEMENTARY SCHOOL,0.5
0,0.5
CARRIAGE CREST ELEMENTARY SCHOOL,0.2
8,0.2
CARROLLS ELEMENTARY,0
0,0
CARSON ELEMENTARY,1.3
0,1.1
1,0.2
CARTER LAKE ELEMENTARY SCHOOL,0
10,0
CASCADE CHRISTIAN ACADEMY,3
8,3
CASCADE CHRISTIAN JUNIOR HIGH AND HIGH SCHOOL,0
10,0
CASCADE CHRISTIAN SCHOOL--PUYALLUP ELEMENTARY,0
10,0
CASCADE CHRISTIAN SCHOOLS--FREDRICKSON ELEMENTARY,0
10,0
CASCADE ELEMENTARY,0.4
2,0.4
4,0
CASCADE ELEMENTARY SCHOOL,1.3
3,0.4
4,0.2
9,0.7
CASCADE HIGH SCHOOL,0.2
2,0.2
8,0
CASCADE INDEPENDENT HIGH SCHOOL,0
8,0
CASCADE K-8 COMMUNITY SCHOOL (ROOM NINE),0
7,0
CASCADE MIDDLE SCHOOL,1.9
2,0.7
3,1.1
7,0
8,0.1
CASCADE RIDGE ELEMENTARY,0
8,0
CASCADE VIEW ELEMENTARY,0
1,0
9,0
CASCADE VIEW ELEMENTARY SCHOOL,0.2
8,0.2
CASCADE VISTA BAPTIST SCHOOL,0
9,0
CASCADES MONTESSORI MIDDLE SCHOOL,0
2,0
CASCADIA ELEMENTARY,0
1,0
CASCADIA MONTESSORI SCHOOL,0
1,0
CASCADIA SCHOOL,0
3,0
CASHMERE HIGH SCHOOL,0
8,0
CASHMERE MIDDLE SCHOOL,0.2
8,0.2
CASTLE ROCK ELEMENTARY,0.5
3,0.5
CASTLE ROCK HIGH SCHOOL,0.5
3,0.5
CASTLE ROCK MIDDLE SCHOOL,0
3,0
CATALDO SCHOOL,0.6
5,0.6
CATHARINE BLAINE K-8 SCHOOL,0
7,0
CATHCART ELEMENTARY,1.5
1,1.5
CATLIN ELEMENTARY,0
3,0
CAVELERO MID HIGH SCHOOL,0.3
0,0.3
CEDAR CREST ACADEMY,0
1,0
CEDAR CREST ACADEMY - BELLEWOOD,0
0,0
CEDAR HEIGHTS JH,0.5
6,0.5
CEDAR HEIGHTS MIDDLE SCHOOL,0.4
8,0.4
CEDAR PARK CHRISTIAN SCHOOL--BELLEVUE CAMPUS,0
9,0
CEDAR PARK CHRISTIAN SCHOOL--LYNNWOOD CAMPUS,0.7
2,0.7
CEDAR PARK CHRISTIAN SCHOOL--MILL CREEK (EVERETT) CAMPUS,0
1,0
CEDAR PARK CHRISTIAN SCHOOL--MOUNTLAKE TERRACE CAMPUS,0
2,0
CEDAR PARK CHRISTIAN SCHOOLS,0.2
1,0.2
CEDAR RIVER MIDDLE SCHOOL,0.1
8,0.1
CEDAR RIVER MONTESSORI SCHOOL,0
8,0
CEDAR TREE CLASSICAL CHRISTIAN SCHOOL,0
3,0
CEDAR TREE MONTESSORI,0
2,0
CEDAR VALLEY COMMUNITY SCHOOL,0
2,0
CEDAR VALLEY ELEMENTARY SCHOOL,0.4
8,0.4
CEDAR WAY ELEMENTARY,0.2
2,0.2
CEDAR WOOD ELEMENTARY,0.1
1,0.1
CEDARBROOK ADVENTIST CHRISTIAN,0
6,0
CEDARCREST HIGH SCHOOL,0.3
1,0.3
CEDARCREST MIDDLE SCHOOL,0.3
10,0.3
CEDARCREST SCHOOL,0.1
2,0.1
CEDARHOME ELEMENTARY SCHOOL,0
2,0
CEDARHURST ELEMENTARY,0
7,0
CENTENNIAL ELEMENTARY,0.8
8,0.4
10,0.4
CENTENNIAL ELEMENTARY SCHOOL,0
1,0
CENTENNIAL MIDDLE SCHOOL,1
1,0.3
5,0.7
CENTER ELEMENTARY SCHOOL,0
0,0
CENTERVILLE ELEMENTARY,4.7
3,4.7
CENTRAL AVENUE ELEMENTARY,0.2
10,0.2
CENTRAL ELEMENTARY,1.7
0,0.6
1,1.1
CENTRAL ELEMENTARY SCHOOL,1.3
2,0.9
6,0.4
CENTRAL KITSAP HIGH SCHOOL,0.1
6,0.1
CENTRAL KITSAP JUNIOR HIGH,0.3
6,0.3
CENTRAL PARK ELEMENTARY,0
6,0
CENTRAL VALLEY HIGH SCHOOL,0
5,0
CENTRAL VALLEY KINDERGARTEN CENTER,0.5
5,0.5
CENTRALIA CHRISTIAN,0
3,0
CENTRALIA HIGH SCHOOL,0
3,0
CENTRALIA MIDDLE SCHOOL,0.2
3,0.2
CHAIN LAKE ELEMENTARY SCHOOL,0.4
1,0.4
CHALLENGE ELEMENTARY,0
2,0
CHALLENGER ELEMENTARY,0.3
2,0.1
8,0.2
CHALLENGER SECONDARY SCHOOL,0.8
10,0.8
CHAMBERS ELEMENTARY,0
0,0
CHAMBERS PRAIRIE ELEMENTARY SCHOOL,0
10,0
CHARLES WRIGHT ACADEMY,0.3
10,0.3
CHASE LAKE ELEMENTARY,0
7,0
CHASE MIDDLE SCHOOL,0.8
5,0.8
CHATTAROY ELEMENTARY,0.5
5,0.5
CHAUNCEY DAVIS ELEMENTARY,0.3
0,0.3
CHAUTAUQUA ELEMENTARY,0.7
7,0.7
CHEHALIS MIDDLE SCHOOL,0.5
3,0.5
CHELAN HIGH SCHOOL,0.9
0,0.9
CHELAN MIDDLE SCHOOL,0.9
0,0.9
CHENEY HIGH SCHOOL,0.3
5,0.3
CHENEY MIDDLE SCHOOL,0.4
5,0.4
CHERRY CREST ELEMENTARY SCHOOL,0.4
9,0.4
CHERRY VALLEY ELEMENTARY SCHOOL,0
1,0
CHERRYDALE ELEMENTARY,0.3
10,0.3
CHESTER ELEMENTARY SCHOOL,0
5,0
CHESTER H THOMPSON ELEMENTARY,0.2
10,0.2
CHESTNUT HILL ACADEMY SOUTH CAMPUS,0
9,0
CHESTNUT MONTESSORI SCHOOL,0
9,0
CHEWELAH ALTERNATIVE,0
0,0
CHIAWANA HIGH SCHOOL,0
0,0
CHIEF JOSEPH MIDDLE SCHOOL,0
4,0
CHIEF KAMIAKIN ELEMENTARY SCHOOL,0
4,0
CHIEF KANIM MIDDLE SCHOOL,0
0,0
CHIEF MOSES MIDDLE SCHOOL,0.3
4,0.3
CHIEF SEALTH INTERNATIONAL HIGH SCHOOL,0.1
7,0.1
CHIEF UMTUCH MIDDLE,0.7
0,0.7
"CHILD DEVELOPMENT PROGRAM, WSU VANCOUVER",0
3,0
CHILD SCHOOL-NEW HEIGHTS SCHOOL AT CHILDREN'S INSTITUTE FOR LEARNING DIFFERENCES (CHILD),2.4
9,2.4
CHILDRENS GARDEN MONTESSORI,0
4,0
CHIMACUM CREEK PRIMARY SCHOOL,0.4
6,0.4
CHIMACUM ELEMENTARY SCHOOL,0.5
0,0.5
CHIMACUM HIGH SCHOOL,0.8
0,0.8
CHIMACUM MIDDLE SCHOOL,0.5
0,0.5
CHINOOK ELEMENTARY SCHOOL,0.3
3,0.3
8,0
CHINOOK MIDDLE SCHOOL,0.5
4,0
9,0.4
10,0.1
CHLOE CLARK ELEMENTARY,0.2
10,0.2
CHOICE,0
1,0
CHOICE ACADEMY,0
7,0
CHOICE ALTERNATIVE SCHOOL,0
10,0
CHRIST THE KING LUTHERAN SCHOOL,0
6,0
CHRIST THE KING SCHOOL,0.9
4,0.3
7,0.6
CHRISTENSEN ELEMENTARY,0
10,0
CHRISTIAN FAITH SCHOOL,0
9,0
CHRISTIAN HERITAGE SCHOOL,0
5,0
CHRISTIAN WORSHIP CENTER ELEMENTARY,0
4,0
CHRYSALIS SCHOOL (9-12),0.8
1,0.8
CHRYSALIS SCHOOL (K-8),0
1,0
CLALLAM BAY HIGH AND ELEMENTARY,0
6,0
CLARK COUNTY SKILLS CENTER,0.4
3,0.4
CLARK ELEMENTARY,0.5
8,0.5
CLARKSTON (CHARLES FRANCIS ADAMS) HIGH SCHOOL,0
5,0
CLE ELUM ROSLYN ELEMENTARY,0
8,0
CLE ELUM ROSLYN HIGH SCHOOL,0.4
8,0.4
CLEAR CREEK ELEMENTARY SCHOOL,0.2
6,0.2
CLEAR LAKE ELEMENTARY SCHOOL,0.6
0,0.6
CLEVELAND HIGH SCHOOL,0.1
9,0.1
CLIP,0
1,0
CLOVER CREEK ELEMENTARY,0.3
10,0.3
CLOVER PARK HIGH SCHOOL,0.2
10,0.2
CLOVIS POINT,0.2
4,0.2
CLYDE HILL ELEMENTARY,0
1,0
COLBERT ELEMENTARY SCHOOL,0.2
5,0.2
COLFAX PUBLIC SCHOOLS,0
5,0
COLLEGE PLACE ELEMENTARY,0.2
7,0.2
COLLEGE PLACE HIGH SCHOOL,0.6
5,0.6
COLLEGE PLACE MIDDLE SCHOOL,0.4
2,0.4
COLLINS ELEMENTARY,0.5
10,0.5
COLTON SCHOOL,0
5,0
COLUMBIA ADVENTIST ACADEMY,0
3,0
COLUMBIA CREST ELEMENTARY SCHOOL,0
8,0
COLUMBIA ELEMENTARY,0.7
2,0.7
4,0
COLUMBIA ELEMENTARY SCHOOL,0
2,0
8,0
COLUMBIA HEIGHTS ELEMENTARY,0
3,0
COLUMBIA HIGH AND ELEMENTARY,0
0,0
COLUMBIA HIGH SCHOOL,2
0,0.8
4,1.2
COLUMBIA JUNIOR HIGH SCHOOL,0.2
10,0.2
COLUMBIA MIDDLE SCHOOL,0.6
4,0.6
COLUMBIA RIDGE ELEMENTARY,0.2
0,0.2
COLUMBIA RIVER HIGH,0.7
3,0.7
COLUMBIA VALLEY ELEMENTARY,0
3,0
COLUMBIA VALLEY GARDEN ELEM SCHL,0
3,0
COLVILLE JUNIOR HIGH SCHOOL,1
5,1
COLVILLE SENIOR HIGH SCHOOL,0.9
5,0.9
COLVILLE VALLEY JUNIOR ACADEMY,0
5,0
COMM BASED TRANS PROGRAM,0
6,0
COMMUNITY CHRISTIAN ACADEMY,0
10,0
COMMUNITY MONTESSORI,0
6,0
COMMUNITY SCHOOL,0
1,0
COMPASS HIGH SCHOOL,0
4,0
CONCORD INTERNATIONAL SCHOOL,0
9,0
CONCORDIA LUTHERAN SCHOOL,0
7,0
10,0
CONCRETE ELEMENTARY,0
1,0
CONCRETE HIGH SCHOOL,1.2
1,1.2
CONNELL ELEM,0.2
0,0.2
CONNELL HIGH SCHOOL,0
0,0
CONTINUOUS CURRICULUM SCHOOL,0.4
5,0.4
CONWAY SCHOOL,0
0,0
COOPER ELEMENTARY,0.2
5,0.2
CORDATA ELEMENTARY SCHOOL,0
2,0
CORNERSTONE ACADEMY,0
1,0
CORNERSTONE CHRISTIAN SCHOOL,3.1
1,0.8
3,0.7
10,1.6
COSMOPOLIS ELEMENTARY SCHOOL,0.7
6,0.7
COTTAGE LAKE ELEMENTARY,0
1,0
COTTONWOOD ELEMENTARY,0.3
4,0.3
COTTONWOOD ELEMENTARY SCHOOL,0
4,0
6,0
COUGAR CREEK ELEMENTARY SCHOOL,0.5
0,0.5
COUGAR MOUNTAIN MIDDLE SCHOOL,0.3
8,0.3
COUGAR RIDGE ELEMENTARY,0.2
0,0.2
COUGAR VALLEY ELEMENTARY,0
6,0
COULEE CITY ELEMENTARY,1.2
4,1.2
COUNTRYSIDE MONTESSORI SCHOOL,0
1,0
COUNTRYSIDE SDA ELEMENTARY,0
5,0
COUPEVILLE ELEMENTARY SCHOOL,0.5
2,0.5
COUPEVILLE HIGH SCHOOL,0.6
2,0.6
COUPEVILLE MIDDLE SCHOOL,0
2,0
COVENANT CHRISTIAN SCHOOL,13.8
1,13.8
COVENANT HIGH SCHOOL,1.9
6,1.9
COVINGTON ELEMENTARY SCHOOL,0
8,0
COVINGTON MIDDLE SCHOOL,1.1
3,1.1
COWEEMAN MIDDLE SCHOOL,0.2
3,0.2
COWLITZ PRAIRIE ACADEMY (TOLEDO ALTERNATIVE OPTIONS),0
0,0
COWLITZ SCHOOL AT THE CONFLUENCE,0
3,0
CREATIVE MONTESSORI,0
1,0
CREEKSIDE ELEMENTARY,0
8,0
CRESCENT HARBOR ELEM,0.3
2,0.3
CRESCENT HEIGHTS ELEMENTARY SCHOOL,0.2
9,0.2
CRESCENT SCHOOL,3.6
0,3.6
CRESTLINE ELEMENTARY SCHOOL,0
3,0
CRESTON ELEMENTARY,0
0,0
CRESTON JR-SR HIGH SCHOOL,0
0,0
CRESTVIEW CHRISTIAN SCHOOL,0
4,0
CRESTWOOD ELEMENTARY,0.2
8,0.2
CRESTWOOD ELEMENTARY SCHOOL,0
8,0
CROSSROADS HIGH SCHOOL,0
1,0
CROWNHILL ELEMENTARY SCHOOL,0
6,0
CRYSTAL SPRINGS ELEMENTARY,0
1,0
CURLEW ELEM & HIGH SCHOOL,7.2
0,7.2
CURTIS JUNIOR HIGH,0.8
10,0.8
CURTIS SENIOR HIGH,1
10,1
CUSICK JR SR HIGH SCHOOL,2.2
5,2.2
CUSTER ELEM,0.3
1,0.3
CUSTER ELEMENTARY SCHOOL,0.3
10,0.3
CYPRESS ADVENTIST SCHOOL,0
2,0
DAFFODIL VALLEY ELEMENTARY,0.4
0,0.4
DALLESPORT ELEMENTARY,0
0,0
DAMMAN ELEMENTARY,0
8,0
DANIEL BAGLEY ELEMENTARY SCHOOL,0.5
7,0.5
DARRINGTON ELEMENTARY SCHOOL,0.4
0,0.4
DARRINGTON SR HIGH SCHOOL,0
0,0
DARTMOOR SCHOOL--BELLEVUE,0
9,0
DARTMOOR SCHOOL--ISSAQUAH,0
8,0
DARTMOOR SCHOOL--SEATTLE,0
7,0
DARTMOOR SCHOOL--WOODINVILLE,0
1,0
DAVENPORT ELEMENTARY,0.3
0,0.3
DAVENPORT SENIOR HIGH SCHOOL,0
0,0
DAVID T. DENNY INTERNATIONAL SCHOOL,0.5
7,0.5
DAVID WOLFLE ELEMENTARY,0.6
6,0.6
DAVIS ELEMENTARY,0.7
5,0.7
DAVIS HIGH SCHOOL,0.1
4,0.1
DAY REPORTING SCHOOL,0
6,0
DAYBREAK MIDDLE,2.1
3,2.1
DAYBREAK PRIMARY,1
3,1
DAYTON ELEMENTARY SCHOOL,0.5
0,0.5
DAYTON HIGH SCHOOL,0
0,0
DAYTON MIDDLE SCHOOL,0
0,0
DEARBORN PARK ELEMENTARY SCHOOL,0
9,0
DECATUR ELEMENTARY,0
0,0
DECATUR HIGH SCHOOL,0.1
9,0.1
DEEP CREEK HUTTERIAN SCHOOL,0
5,0
DEER PARK ELEMENTARY,0.5
0,0.5
DEER PARK HIGH SCHOOL,0.5
0,0.5
DEER PARK MIDDLE SCHOOL,0.4
0,0.4
DELONG ELEMENTARY SCHOOL,0.2
6,0.2
DER KINDERHUIS MONTESSORI,0
2,0
DERECH EMUNAH DBA SEATTLE JEWISH GIRLS HIGH SCHOOL,0
7,0
DES MOINES ELEMENTARY,0
9,0
DESALES CATHOLIC SCHOOL,1.1
5,1.1
DESERT HILLS MIDDLE SCHOOL,0.1
4,0.1
DESERT OASIS HIGH SCHOOL,0
4,0
DICK SCOBEE ELEMENTARY SCHOOL,0.2
8,0.2
DICKINSON ELEMENTARY,0
1,0
DIERINGER HEIGHTS ELEMENTARY,0.2
8,0.2
DIMMITT MIDDLE SCHOOL,0.5
9,0.5
DISCOVERY,1
6,1
DISCOVERY DEPOT MONTESSORI,0
6,0
DISCOVERY DEPOT MONTESSORI SCHOOLHOUSE,0
6,0
DISCOVERY ELEMENTARY,0.3
0,0.3
8,0
DISCOVERY ELEMENTARY SCHOOL,0.4
6,0.4
DISCOVERY LAB SCHOOL,0
4,0
DISCOVERY MIDDLE SCHOOL,0.5
3,0.5
DISCOVERY MONTESSORI,0
6,0
DISCOVERY PRIMARY SCHOOL,1.1
8,1.1
DISCOVERY SCHOOL,0
1,0
DISHMAN HILLS HIGH SCHOOL (CBE ALTERNATIVE PROGRAMS),0
5,0
DIXIE ELEMENTARY SCHOOL,5.9
0,5.9
DOLAN ACADEMY & LEARNING CENTER,0
1,0
DOROTHY FOX,1.1
3,1.1
DOWER ELEMENTARY SCHOOL,0
0,0
DOWNING ELEMENTARY SCHOOL,0
6,0
DRUM INTERMEDIATE,0.5
10,0.5
DRY CREEK ELEMENTARY,0
6,0
DUNLAP ELEMENTARY SCHOOL,0.3
9,0.3
DUTCH HILL ELEMENTARY,0.2
1,0.2
DWIGHT D EISENHOWER ELEMENTARY,0.5
3,0.5
E OMAK ELEMENTARY,0.5
0,0.5
EAGLE CREEK ELEMENTARY,1.2
2,1.2
EAGLE HARBOR HIGH SCHOOL,0
6,0
EAGLE HIGH SCHOOL,0
4,0
EAGLE PARK SCHOOL,0
5,0
EAGLE ROCK MULTIAGE SCHOOL,0
1,0
EAGLE VIEW CHRISTIAN SCHOOL,0.9
10,0.9
EAGLERIDGE ELEMENTARY,1
1,1
EARLY WORLD MONTESSORI,0
9,0
EAST FARMS SCHOOL,0.2
5,0.2
EAST GRAYS HARBOR HIGH SCHOOL,0
6,0
EAST HILL ELEMENTARY SCHOOL,0
9,0
EAST OLYMPIA ELEMENTARY,0.2
10,0.2
EAST PORT ORCHARD ELEMENTARY,0
6,0
EAST RIDGE ELEMENTARY,0.3
1,0.3
EAST VALLEY CENTRAL MIDDLE SCHOOL,0
4,0
EAST VALLEY ELEMENTARY,0
4,0
EAST VALLEY HIGH SCHOOL,0.7
4,0.2
5,0.5
EAST VALLEY MIDDLE SCHOOL,0.2
5,0.2
EASTGATE ELEMENTARY SCHOOL,0
4,0
9,0
EASTLAKE HIGH SCHOOL,0.1
8,0.1
EASTMONT JUNIOR HIGH,0.1
8,0.1
EASTMONT SENIOR HIGH,0.2
8,0.2
EASTON SCHOOL,0
0,0
EASTSIDE ACADEMY,0
9,0
EASTSIDE ACADEMY OVERLAKE CAMPUS,0
1,0
EASTSIDE CATHOLIC SCHOOL,0
8,0
EASTSIDE CHRISTIAN SCHOOL,0.8
9,0.8
EASTSIDE PREPARATORY SCHOOL,0
1,0
EATON ARROWSMITH ACADEMY,0
1,0
EATONVILLE ELEMENTARY SCHOOL,0.3
0,0.3
EATONVILLE HIGH SCHOOL,0.6
0,0.6
EATONVILLE MIDDLE SCHOOL,0.5
0,0.5
EBENEZER CHRISTIAN SCHOOL,0.7
1,0.7
ECHO LAKE ELEMENTARY SCHOOL,0.2
7,0.2
ECKSTEIN MIDDLE SCHOOL,0.2
7,0.2
EDGEMONT JR HIGH,0
10,0
EDGERTON ELEMENTARY,0.1
8,0.1
EDISON ELEMENTARY,0.8
3,0.8
EDISON ELEMENTARY AND 7/8,0
0,0
EDISON ELEMENTARY SCHOOL,0.6
4,0
5,0
6,0.6
EDMONDS ELEMENTARY,0
7,0
EDMONDS HEIGHTS K-12,1.2
7,1.2
EDMONDS INDEPENDENT LEARNING,0
2,0
EDMONDS WOODWAY HIGH SCHOOL,0.4
7,0.4
EDWIN MARKHAM ELEMENTARY,0
4,0
EDWIN R OPSTAD ELEMENTARY,0
8,0
EINSTEIN ELEMENTARY,0
1,0
EISENHOWER HIGH SCHOOL,0
4,0
EISENHOWER MIDDLE SCHOOL,0.2
2,0.2
EISMANN ELEMENTARY,0.2
0,0.2
ELGER BAY ELEMENTARY,0
2,0
ELK PLAIN SCHOOL OF CHOICE,0.3
10,0.3
ELK RIDGE ELEMENTARY,0.5
0,0.5
ELLENSBURG CHRISTIAN SCHOOL,0
8,0
ELLENSBURG HIGH SCHOOL,0.2
8,0.2
ELLSWORTH ELEMENTARY SCHOOL,0.5
0,0.5
ELMA ELEMENTARY SCHOOL,0
6,0
ELMA HIGH SCHOOL,0.4
0,0.4
ELMA MIDDLE SCHOOL,0.3
6,0.3
ELMHURST ELEMENTARY SCHOOL,0
10,0
EMERALD CITY SCHOOL,0
7,0
EMERALD HEIGHTS ACADEMY,0
9,0
EMERALD HEIGHTS ELEMENTARY,0.2
6,0.2
EMERALD HILLS ELEMENTARY,0
8,0
EMERALD PARK ELEMENTARY SCHOOL,0.4
9,0.4
EMERALD RIDGE HIGH SCHOOL,0.1
8,0.1
EMERSON ELEMENTARY,1.1
0,0.9
4,0.2
6,0
EMERSON ELEMENTARY SCHOOL,0
2,0
9,0
EMERSON HIGH SCHOOL (BEST SR HIGH),0
1,0
EMERSON K-12 (FAMILY LEARNING CENTER),2.9
1,2.9
ENATAI ELEMENTARY SCHOOL,0
9,0
ENDEAVOR MIDDLE SCHOOL,0
0,0
ENDEAVOUR ELEMENTARY,0
2,0
ENDEAVOUR ELEMENTARY SCHOOL,0.8
3,0.8
8,0
ENDEAVOUR INTERMEDIATE,0.5
8,0.5
ENDICOTT/ST JOHN ELEM AND MIDDLE,0
0,0
ENGLISH CROSSING ELEMENTARY,0.6
0,0.6
ENTERPRISE ELEMENTARY SCHOOL,0
9,0
ENTERPRISE MIDDLE SCHOOL,0.1
0,0.1
ENTIAT MIDDLE AND HIGH SCHOOL,0
8,0
ENUMCLAW HIGH SCHOOL,0.4
8,0.4
ENUMCLAW MIDDLE SCHOOL,0
8,0
ENVIRONMENTAL AND ADVENTURE SCHOOL,0
1,0
EPHRATA HIGH SCHOOL,1.5
4,1.5
EPHRATA MIDDLE SCHOOL,0.3
0,0.3
EPIPHANY SCHOOL,0
7,0
ESQUIRE HILLS ELEMENTARY,0
6,0
ETON SCHOOL,1.7
9,1.7
EVALINE ELEMENTARY SCHOOL,2
3,2
EVERETT CHRISTIAN SCHOOL,0
2,0
EVERETT HIGH SCHOOL,0.4
2,0.4
EVERGREEN ACADEMY,0
1,0
EVERGREEN ACADEMY OF ARTS & SCIENCES,0
3,0
EVERGREEN CHRISTIAN PRIVATE SCHOOL,1.2
9,1.2
EVERGREEN CHRISTIAN SCHOOL,0
10,0
EVERGREEN ELEMENTARY,0.4
6,0.4
10,0
EVERGREEN ELEMENTARY SCHOOL,0.4
2,0
5,0.2
10,0.2
EVERGREEN FLEX ACADEMY,0.6
3,0.6
EVERGREEN FOREST ELEMENTARY,0
10,0
EVERGREEN HEIGHTS ELEMENTARY,0.8
8,0.8
EVERGREEN HIGH SCHOOL,0.3
3,0.3
EVERGREEN LUTHERAN HIGH SCHOOL,0
9,0
EVERGREEN MIDDLE SCHOOL,0.5
1,0.2
2,0.2
5,0.1
EVERGREEN PRIMARY,0.2
10,0.2
EVERGREEN SCHOOL,0
5,0
7,0
EVERSON ELEMENTARY,0
1,0
EXCEL PUBLIC CHARTER SCHOOL,0
7,0
EXCELSIOR HIGH SCHOOL,3.6
3,3.6
EXPLORATIONS ACADEMY/GLOBAL COMMUNITY INSTITUTE,5.9
2,5.9
EXPLORER ACADEMY,0
6,0
EXPLORER COMMUNITY SCHOOL,0
1,0
EXPLORER MIDDLE SCHOOL,0.3
2,0.3
EXPLORER WEST MIDDLE SCHOOL,0
7,0
FAIRHAVEN MIDDLE SCHOOL,0.5
2,0.5
FAIRMOUNT ELEMENTARY,0
2,0
FAIRMOUNT PARK ELEMENTARY,0.2
7,0.2
FAIRVIEW CHRISTIAN SCHOOL,0
7,0
FAIRVIEW JUNIOR HIGH SCHOOL,0
6,0
FAIRWOOD ELEMENTARY SCHOOL,0.3
8,0.3
FAITH LUTHERAN SCHOOL,1.7
10,1.7
FALL CITY ELEMENTARY,0.2
0,0.2
FAMILY ACADEMY/ACADEMY NW,0
7,0
FAMILY HOUSE ACADEMY,0
3,0
FARWELL ELEMENTARY SCHOOL,0.3
5,0.3
FAWCETT ELEMENTARY SCHOOL,0
10,0
FEDERAL WAY HIGH SCHOOL,0.3
9,0.3
FEDERAL WAY PUBLIC ACADEMY,0.6
9,0.6
FELIDA ELEMENTARY SCHOOL,0.1
3,0.1
FERN HILL ELEMENTARY SCHOOL,0
6,0
FERNDALE HIGH SCHOOL,0.6
1,0.6
FERNWOOD ELEMENTARY,0
1,0
FERRIS HIGH SCHOOL,0.5
5,0.5
FERRUCCI JUNIOR HIGH,0.1
10,0.1
FIDALGO ELEMENTARY,0
2,0
FIFE HIGH SCHOOL,0.4
10,0.4
FINCH ELEMENTARY,1.1
5,1.1
FINLEY ELEMENTARY,0
4,0
FINLEY MIDDLE SCHOOL,0
4,0
FINN HILL JUNIOR HIGH SCHOOL,0.6
1,0.6
FIR GROVE CHILDRENS CENTER,0
3,0
FIRCREST ELEMENTARY SCHOOL,0
3,0
FIRGROVE ELEMENTARY,0
0,0
FIRM FOUNDATION CHRISTIAN SCHOOL,0
3,0
FIRST CREEK MIDDLE SCHOOL,0.5
10,0.5
FIRST PLACE SCHOLARS SCHOOL,0
9,0
FIRST PRESBYTERIAN CHRISTIAN SCHOOL,0
5,0
FIRST PRESBYTERIAN CHURCH SCHOOL,0
6,0
FISHER ELEMENTARY SCHOOL,0
1,0
FISHERS LANDING ELEMENTARY SCHOOL,0
3,0
FIVE ACRE SCHOOL,0
6,0
FIVE MILE PRAIRIE SCHOOL (MEAD EDUCATION PARTNERSHIP PROG),1.4
5,1.4
FOOTHILLS CHRISTIAN SCHOOL,0
1,0
FOOTHILLS ELEMENTARY,0
0,0
FOOTHILLS MIDDLE SCHOOL,0.2
8,0.2
FORDS PRAIRIE ELEMENTARY,0.3
3,0.3
FOREST PARK ADVENTIST SCHOOL,0
2,0
FOREST RIDGE SCHOOL OF SACRED HEART,0
9,0
FOREST VIEW ELEMENTARY SCHOOL,0.6
1,0.6
FORKS ALTERNATIVE SCHOOL,0
6,0
FORKS ELEMENTARY SCHOOL,0
6,0
FORKS HIGH SCHOOL,0.4
6,0.4
FORKS INTERMEDIATE SCHOOL,0
6,0
FORT COLVILLE ELEMENTARY,0.3
5,0.3
FORT STEVENS ELEMENTARY,0.5
0,0.5
FORT VANCOUVER HIGH SCHOOL,0.5
3,0.5
FOSS HIGH SCHOOL,0.2
6,0.2
FOSTER SENIOR HIGH SCHOOL,0.1
9,0.1
FOUR HEROES ELEMENTARY,0.3
10,0.3
FRANK LOVE ELEMENTARY,0
1,0
FRANK WAGNER ELEMENTARY,0.2
1,0.2
FRANKLIN ELEMENTARY,1.2
1,0
5,1.2
6,0
FRANKLIN ELEMENTARY SCHOOL,0
6,0
FRANKLIN HIGH SCHOOL,0
9,0
FRANKLIN MIDDLE SCHOOL,0
4,0
FRANKLIN PIERCE HIGH SCHOOL,0.2
10,0.2
FRANTZ COE ELEMENTARY SCHOOL,0.2
7,0.2
FREDERICKSON ELEMENTARY,0.8
10,0.8
FREEMAN ELEMENTARY SCHOOL,0
5,0
FREEMAN HIGH SCHOOL,0
5,0
FREEMAN MIDDLE SCHOOL,0
5,0
FRENCH IMMERSION SCHOOL OF WASHINGTON,0
9,0
FRENCH-AM SCHOOL OF PUGET SOUND,0
9,0
FRIDAY HARBOR ELEMENTARY SCHOOL,1
0,1
FRIDAY HARBOR HIGH SCHOOL,0
0,0
FRIDAY HARBOR MIDDLE SCHOOL,0.8
0,0.8
FRONTIER MIDDLE SCHOOL,2.2
3,1.4
4,0.4
8,0.4
FROST ELEMENTARY,0.2
1,0.2
FRUIT VALLEY ELEMENTARY SCHOOL,0
3,0
FRUITLAND ELEMENTARY,0.3
10,0.3
FRYELANDS ELEMENTARY,0.2
1,0.2
FUTURES SCHOOL,4.3
1,4.3
FUTURUS HIGH SCHOOL,0
3,0
GAISER MIDDLE SCHOOL,1.2
3,1.2
GARDEN HEIGHTS ELEMENTARY,0
4,0
GARDENVIEW MONTESSORI,0
2,0
GARDNER SCHOOL,0
3,0
GARFIELD AT PALOUSE HIGH SCHOOL,0
5,0
GARFIELD AT PALOUSE MIDDLE SCHOOL,0
0,0
GARFIELD ELEMENTARY,0.9
0,0
5,0.9
GARFIELD ELEMENTARY SCHOOL,0.7
2,0
4,0
10,0.7
GARFIELD HIGH SCHOOL,0.1
9,0.1
GARRISON MIDDLE SCHOOL,0.3
5,0.3
GARRY MIDDLE SCHOOL,0.2
5,0.2
GATE PROGRAM,0
3,0
GATES SECONDARY SCHOOL,0
10,0
GATEWAY CHRISTIAN SCHOOLS,0
6,0
GATEWAY CROSSPOINT CHRISTIAN SCHOOL,1.2
6,1.2
GATEWAY MIDDLE SCHOOL,0
1,0
GATEWOOD ELEMENTARY SCHOOL,0
7,0
GAUSE ELEMENTARY,0.8
3,0.8
GEIGER MONTESSORI SCHOOL,0.2
6,0.2
GENESEE HILL ELEMENTARY,0.3
7,0.3
GENEVA ELEMENTARY SCHOOL,0.4
2,0.4
GEORGE C MARSHALL ELEMENTARY,0
3,0
GEORGE ELEMENTARY,0
0,0
GEORGE T. DANIEL ELEMENTARY SCHOOL,0.2
8,0.2
GEORGE WASHINGTON BUSH MIDDLE SCH,0.2
10,0.2
GESS ELEMENTARY,0.3
0,0.3
GIBSON EK HIGH SCHOOL,0
0,0
GIDDENS SCHOOL,0
9,0
GIG HARBOR ACADEMY,0
0,0
GIG HARBOR HIGH,0.4
6,0.4
GILBERT ELEMENTARY SCHOOL,0
4,0
GILDO REY ELEMENTARY SCHOOL,0.3
8,0.3
GLACIER MIDDLE SCHOOL,0.1
0,0.1
GLACIER PARK ELEMENTARY,0.1
8,0.1
GLACIER PEAK HIGH SCHOOL,0.3
1,0.3
GLACIER VALLEY HIGH SCHOOL,0
0,0
GLACIER VIEW JUNIOR HIGH,0.4
8,0.4
GLENDALE LUTHERAN SCHOOL,1.8
7,1.8
GLENRIDGE ELEMENTARY,0.4
0,0.4
GLENWOOD ELEMENTARY,0
0,0
1,0
GLENWOOD HEIGHTS PRIMARY,0.8
3,0.8
GLENWOOD SECONDARY,0
3,0
GLOBAL CONNECTIONS HIGH SCHOOL,0
9,0
GLOVER MIDDLE SCHOOL,0.2
5,0.2
GOLD BAR ELEMENTARY,1.9
1,1.9
GOLDENDALE ADVENTIST SCHOOL,0
3,0
GOLDENDALE HIGH SCHOOL,2.2
3,2.2
GOLDENDALE MIDDLE SCHOOL,1
0,1
GOLDENDALE PRIMARY SCHOOL,2.7
3,2.7
GONZAGA PREPARATORY SCHOOL,0.4
5,0.4
GOOD SHEPHERD MONTESSORI,0
0,0
GOODMAN MIDDLE SCHOOL,0.5
6,0.5
GOSPEL OUTREACH,0
10,0
GRACE ACADEMY,0
2,0
GRACE CHRISTIAN ACADEMY (REPUBLIC),0
5,0
GRACE LUTHERAN SCHOOL,0
4,0
GRAHAM ELEMENTARY,0.3
10,0.3
GRAHAM HILL ELEMENTARY SCHOOL,0.6
9,0.6
GRAHAM KAPOWSIN HIGH SCHOOL,0.6
8,0.6
GRAINGER ELEMENTARY,0
4,0
GRAND MOUND ELEMENTARY,0.4
3,0.4
GRAND RIDGE ELEMENTARY,0
8,0
GRANDVIEW ADVENTIST JUNIOR ACADEMY,0
4,0
GRANDVIEW HIGH SCHOOL,0
4,0
GRANDVIEW MIDDLE SCHOOL,0
4,0
GRANGER HIGH SCHOOL,0
4,0
GRANGER MIDDLE SCHOOL,0.2
4,0.2
GRANITE FALLS HIGH SCHOOL,0.5
1,0.5
GRANITE FALLS MIDDLE SCHOOL,0.5
1,0.5
GRANT ELEMENTARY,2
4,0.4
5,1.6
GRANT ELEMENTARY SCHOOL,0.3
6,0.3
8,0
GRANT STREET ELEMENTARY,1.5
6,1.5
GRANTHAM ELEMENTARY,0
5,0
GRAPEVIEW ELEMENTARY AND MIDDLE SCHOOL,0
6,0
GRASS LAKE ELEMENTARY SCHOOL,0
8,0
GRASS VALLEY ELEMENTARY SCHOOL,0.5
3,0.5
GRAY MIDDLE SCHOOL,0.2
6,0.2
GRAYS HARBOR ADVENTIST CHRISTIAN SCHOOL,0
0,0
GREAT NORTHERN ELEMENTARY,0
5,0
GREATER TRINITY CHRISTIAN LEARNING ACADEMY,0
2,0
GREEN DOT DESTINY MIDDLE SCHOOL,0
7,0
GREEN GABLES ELEMENTARY SCHOOL,0
9,0
GREEN LAKE ELEMENTARY SCHOOL,0.2
7,0.2
GREEN MOUNTAIN ELEMENTARY,0.3
6,0.3
GREEN MOUNTAIN SCHOOL,0.7
3,0.7
GREEN PARK ELEMENTARY SCHOOL,0.2
5,0.2
GREEN RIVER MONTESSORI SCHOOL,0
8,0
GREENACRES ELEMENTARY,0.5
5,0.5
GREENACRES MIDDLE SCHOOL,0.3
5,0.3
GREENWOOD ELEMENTARY SCHOOL,0
7,0
GREGORY HEIGHTS ELEMENTARY,0
7,0
GREYWOLF ELEMENTARY SCHOOL,0.5
6,0.5
GRIFFIN BAY SCHOOL,7.7
0,7.7
GRIFFIN SCHOOL,0.2
10,0.2
GROVE ELEMENTARY,0
2,0
GUARDIAN ANGEL ST. BONIFACE SCHOOL,0
5,0
H.E.A.R.T. HIGH SCHOOL,0
3,0
HALLER MIDDLE SCHOOL,0.6
0,0.6
HALLETT ELEMENTARY,0.2
0,0.2
HAMBLEN ELEMENTARY,0.7
5,0.7
HAMILTON ELEMENTARY,0.8
6,0.8
HAMILTON INTERNATIONAL MIDDLE SCHOOL,0.2
7,0.2
HAMLIN ROBINSON SCHOOL,0
9,0
HANFORD HIGH SCHOOL,0.3
4,0.3
HAPPY VALLEY ELEMENTARY SCHOOL,0.2
2,0.2
HARBOR CHRISTIAN SCHOOLS,0
6,0
HARBOR HEIGHTS ELEMENTARY SCHOOL,0.7
6,0.7
HARBOR HIGH SCHOOL,0.7
6,0.7
HARBOR MONTESSORI SCHOOL,0
6,0
HARBOR RIDGE MIDDLE SCHOOL,0.2
6,0.2
HARBOR SCHOOL,0
7,0
HARBOUR POINTE MIDDLE SCHOOL,0.5
2,0.5
HARMONY ELEMENTARY,0.6
1,0.6
HARMONY ELEMENTARY SCHOOL,0.8
3,0.8
HARNEY ELEMENTARY SCHOOL,0.4
3,0.4
HARRAH COMMUNITY CHRISTIAN SCHOOL,0
0,0
HARRAH ELEMENTARY SCHOOL,0
0,0
HARRINGTON ELEMENTARY SCHOOL,0
0,0
HARRINGTON HIGH SCHOOL,0
0,0
HARRISON MIDDLE SCHOOL,0
4,0
HARRISON PREP SCHOOL,0.1
10,0.1
HARRY S TRUMAN ELEMENTARY SCHOOL,0.9
3,0.9
HARVARD ELEMENTARY,0
10,0
HATHAWAY ELEMENTARY,0.7
3,0.7
HAWKINS MIDDLE SCHOOL,0.7
6,0.7
HAWTHORNE ELEMENTARY SCHOOL,0.7
2,0
4,0.2
9,0.5
HAYES FREEDOM HIGH SCHOOL,2
3,2
HAZEL DELL ELEMENTARY SCHOOL,0.2
3,0.2
HAZEL VALLEY ELEMENTARY,0
7,0
HAZELWOOD ELEMENTARY,0
2,0
HAZELWOOD ELEMENTARY SCHOOL,0.4
8,0.2
9,0.2
HAZEN SENIOR HIGH SCHOOL,0.1
9,0.1
HEALTH SCIENCES AND HUMAN SERVICES,0
7,0
HEARTHWOOD ELEMENTARY SCHOOL,0.8
3,0.8
HEATHERWOOD MIDDLE SCHOOL,0.1
1,0.1
HEDDEN ELEMENTARY SCHOOL,0.2
10,0.2
HEIGHTS ELEMENTARY,0
5,0
HELA HIGH SCHOOL,0.3
3,0.3
HELEN B. STAFFORD ELEMENTARY,0.4
6,0.4
HELEN BALLER ELEM,1.8
3,1.8
HELEN HALLER ELEMENTARY SCHOOL,0.5
6,0.5
HENDERSON BAY ALT HIGH SCHOOL,0.8
6,0.8
HENRY M. JACKSON HIGH SCHOOL,0.1
0,0.1
HERITAGE CHRISTIAN ACADEMY,0
1,0
HERITAGE CHRISTIAN SCHOOL,0
10,0
HERITAGE HIGH SCHOOL,0.3
3,0.3
HERITAGE SCHOOL,3.4
2,3.4
HIAWATHA ELEMENTARY SCHOOL,0
4,0
HIDDEN CREEK ELEMENTARY SCHOOL,0.2
6,0.2
HIDDEN RIVER MIDDLE SCHOOL,0.6
1,0.6
HIGH SCHOOL RE ENTRY,0
1,0
HIGHLAND CHRISTIAN SCHOOLS,0
2,0
HIGHLAND ELEMENTARY,0.9
0,0
1,0.9
HIGHLAND HIGH SCHOOL,0
0,0
HIGHLAND JUNIOR HIGH SCHOOL,0
0,0
HIGHLAND MIDDLE SCHOOL,0
9,0
HIGHLAND PARK ELEMENTARY SCHOOL,0.3
7,0.3
HIGHLAND TERRACE ELEMENTARY,0
7,0
HIGHLANDS ELEMENTARY SCHOOL,0.9
9,0.9
HIGHLANDS HIGH SCHOOL (OMAK ALTERNATIVE HIGH SCHOOL),0
0,0
HIGHLANDS MIDDLE SCHOOL,0
4,0
HIGHLINE HIGH SCHOOL,0
7,0
HILDER PEARSON ELEMENTARY,0
6,0
HILLCREST ELEMENTARY,0.2
2,0.2
HILLCREST ELEMENTARY SCHOOL,0.1
0,0.1
HILLSIDE ACADEMY,0
1,0
HILLSIDE ELEMENTARY SCHOOL,0.6
10,0.6
HILLSIDE STUDENT COMMUNITY SCHOOL,0
9,0
HILLTOP ELEMENTARY,0
2,0
7,0
HILLTOP SCHOOL,0
0,0
HILTON ELEMENTARY SCHOOL,0
4,0
HOCKINSON HEIGHTS ELEMENTARY SCHOOL,0.6
3,0.6
HOCKINSON HIGH SCHOOL,0.5
3,0.5
HOCKINSON MIDDLE SCHOOL,1.7
3,1.7
HOFSTETTER ELEMENTARY,0
5,0
HOLDEN VILLAGE COMMUNITY SCHOOL,0
0,0
HOLLYWOOD HILL ELEMENTARY,0
1,0
HOLMES ELEMENTARY,0.2
5,0.2
HOLY FAMILY PARISH SCHOOL,0
1,0
HOLY FAMILY SCHOOL,3.4
5,0
7,0
8,0.8
10,2.6
HOLY INNOCENTS SCHOOL OF NW,0
9,0
HOLY NAMES ACADEMY,0
7,0
HOLY ROSARY ELEMENTARY,0.7
7,0.7
"HOLY ROSARY, EDMONDS",0
7,0
HOLY TRINITY LUTHERAN SCHOOL,0
9,0
HONEY DEW ELEMENTARY,0.4
9,0.4
HOOD CANAL ELEM & JUNIOR HIGH,0.6
6,0.6
HOOVER ELEMENTARY SCHOOL,0.2
4,0.2
HOPE ACADEMY,0
7,0
HOPE LUTHERAN SCHOOL,0
7,0
HOQUIAM HIGH SCHOOL,0.8
6,0.8
HOQUIAM MIDDLE SCHOOL,0
6,0
HORIZON ELEMENTARY,0.4
2,0.4
HORIZON ELEMENTARY SCHOOL,0
8,0
HORIZON MIDDLE SCHOOL,0.2
0,0.2
5,0
HORIZON SCHOOL,0
7,0
HORIZONS ELEMENTARY,0.2
10,0.2
HORSE HEAVEN HILLS MIDDLE SCHOOL,0.7
4,0.7
HOSANNA CHRISTIAN SCHOOL,3.5
3,3.5
HOUGH ELEMENTARY SCHOOL,0
3,0
HOUSEL MIDDLE SCHOOL,0
4,0
HRRS - JUAN DIEGO ACADEMY,0
6,0
HUDSONS BAY HIGH SCHOOL,0.8
3,0.8
HUDTLOFF MIDDLE SCHOOL,0.1
10,0.1
HULAN L WHITSON ELEM,0.8
0,0.8
HUNTINGTON MIDDLE SCHOOL,0
3,0
HUTTON ELEMENTARY,0.5
5,0.5
HYLA MIDDLE SCHOOL,0
6,0
I-TRACC,0
0,0
ICICLE RIVER MIDDLE SCHOOL,0
8,0
IDLEWILD ELEMENTARY SCHOOL,0
10,0
ILALKO ELEMENTARY SCHOOL,0.2
8,0.2
ILLAHEE ELEMENTARY SCHOOL,0.3
3,0.3
ILLAHEE MIDDLE SCHOOL,0
9,0
ILWACO MIDDLE/HIGH SCHOOL,0.7
3,0.7
IMAGE ELEMENTARY SCHOOL,0.3
3,0.3
IMAGINATION SCHOOL OF EDUCATION,0
10,0
IMMACULATE CONCEPTION REGIONAL SCHOOL,0
1,0
IMMACULATE CONCEPTION/OUR LADY OF PERPETUAL HELP,0
2,0
INCHELIUM ELEMENTARY SCHOOL,0.3
0,0.3
INCHELIUM HIGH SCHOOL,0
0,0
INCHELIUM MIDDLE SCHOOL,0
0,0
INDEX ELEMENTARY SCHOOL,0
0,0
INDIAN TRAIL ELEMENTARY,0
5,0
INGLEMOOR HIGH SCHOOL,0.3
1,0.3
INGLEWOOD MIDDLE SCHOOL,0.2
8,0.2
INGRAHAM HIGH SCHOOL,0.3
7,0.3
INSIGHT SCHOOL OF WASHINGTON,0
6,0
INTERAGENCY PROGRAMS,0.2
0,0.2
INTERLAKE SENIOR HIGH SCHOOL,0.1
9,0.1
INTERNATIONAL COMMUNITY SCHOOL,0
1,0
INTERNATIONAL SCHOOL,0.5
9,0.5
INTL SCH OF COMMUNICATIONS,0.2
2,0.2
IQ ACADEMY WASHINGTON,1
3,1
IRENE REITHER ELEMENTARY SCHOOL,0
1,0
ISLAND CHRISTIAN ACADEMY,0
2,0
ISLAND PARK ELEMENTARY,0
9,0
ISLAND VIEW ELEMENTARY,0
2,0
ISLANDER MIDDLE SCHOOL,0.1
9,0.1
ISOM ELEMENTARY SCHOOL,0
1,0
ISSAQUAH HIGH SCHOOL,0.2
8,0.2
ISSAQUAH MIDDLE SCHOOL,0.1
8,0.1
ISSAQUAH VALLEY ELEMENTARY,0
8,0
J M WEATHERWAX HIGH SCHOOL,0.5
6,0.5
JACKSON ELEMENTARY SCHOOL,0
2,0
JACKSON PARK ELEMENTARY,0
6,0
JAMES MCGEE ELEMENTARY,0.6
4,0.6
JAMES SALES ELEMENTARY,0
10,0
JANE ADDAMS K-8,0
7,0
JANE ADDAMS MIDDLE SCHOOL,0.2
7,0.2
JASON LEE ELEMENTARY SCHOOL,0.2
4,0.2
JASON LEE MIDDLE SCHOOL,1.8
3,0.7
6,1.1
JEFFERSON COMMUNITY SCHOOL,0
6,0
JEFFERSON ELEMENTARY,0.6
0,0.3
1,0
2,0.3
4,0
5,0
JEFFERSON ELEMENTARY (SOUTHSIDE),0
5,0
JEFFERSON ELEMENTARY SCHOOL,0
6,0
JEFFERSON LINCOLN ELEMENTARY,0
3,0
JEFFERSON MIDDLE SCHOOL,0.9
3,0.4
10,0.5
JEMTEGAARD MIDDLE SCHOOL,1.7
3,1.7
JENKINS CREEK ELEMENTARY,0.5
8,0.5
JENKINS JUNIOR/SENIOR HIGH SCHOOL,0.5
5,0.5
JEWISH DAY SCHOOL,0
9,0
JING MEI ELEMENTARY SCHOOL,0
9,0
JOHN CAMPBELL PRIMARY,0
4,0
JOHN F KENNEDY CATHOLIC HIGH SCHOOL,0.1
7,0.1
JOHN HAY ELEMENTARY SCHOOL,0.2
7,0.2
JOHN MUIR ELEMENTARY SCHOOL,0
9,0
JOHN NEWBERY ELEMENTARY,0
8,0
JOHN ROGERS ELEMENTARY SCHOOL,0
7,0
JOHN SAGER MIDDLE SCHOOL,0.3
5,0.3
JOHN SEDGWICK JUNIOR HIGH,0.3
6,0.3
JOHN STANFORD INTERNATIONAL ELEMENTARY,0.2
7,0.2
JOHNSON CHRISTIAN SCHOOL,0
5,0
JOURNEY CHRISTIAN SCHOOL,0
3,0
JOURNEY SCHOOL,0
2,0
JOYFUL SCHOLARS MONTESSORI ELEMENTARY SCHOOL,0
0,0
JUANITA ELEMENTARY,0.3
1,0.3
JUANITA HIGH,0.5
1,0.5
JULIA BUTLER HANSEN ELEMENTARY,0.4
0,0.4
JULIUS A WENDT ELEMENTARY/JOHN C THOMAS MIDDLE SCHOOL,2.8
3,2.8
K-12 ELLENSBURG LEARNING CENTER,0
8,0
K-5 STEM AT BOREN,0
7,0
KAHLOTUS ELEM & HIGH,0
0,0
KALAMA ELEM SCHOOL,1.1
3,1.1
KALAMA JR SR HIGH,0
3,0
KALLES JUNIOR HIGH,0.1
10,0.1
KAMIAK HIGH SCHOOL,0.2
2,0.2
KAMIAKIN HIGH SCHOOL,0.7
4,0.7
KAMIAKIN MIDDLE SCHOOL,0
1,0
KAPKA COOPERATIVE SCHOOL,1.9
7,1.9
KAPOWSIN ELEMENTARY,0.2
8,0.2
KARSHNER ELEMENTARY,0
10,0
KEENE-RIVERVIEW ELEMENTARY,0
4,0
KELLER ELEMENTARY,0
1,0
KELLER ELEMENTARY SCHOOL,0
0,0
KELLOGG MARSH ELEMENTARY SCHOOL,0
2,0
KELLOGG MIDDLE SCHOOL,0.1
7,0.1
KELSO HIGH SCHOOL,0.4
3,0.4
KENDALL ELEMENTARY,1.8
1,1.8
KENMORE ELEMENTARY,0
1,0
KENMORE JUNIOR HIGH,0
1,0
KENNEWICK HIGH SCHOOL,0
4,0
KENNYDALE ELEMENTARY SCHOOL,0.6
9,0.6
KENROY ELEMENTARY,0
8,0
KENT ELEMENTARY SCHOOL,0
9,0
KENT MOUNTAIN VIEW ACADEMY,1.6
9,1.6
KENT PHOENIX ACADEMY,0
8,0
KENT PRAIRIE ELEMENTARY,0.2
2,0.2
KENT-MERIDIAN HIGH SCHOOL,0.1
9,0.1
KENTLAKE HIGH SCHOOL,0.3
8,0.3
KENTRIDGE HIGH SCHOOL,0
9,0
KENTWOOD HIGH SCHOOL,0.4
8,0.4
KESSLER ELEMENTARY SCHOOL,0
3,0
KETTLE FALLS ELEMENTARY SCHOOL,1.4
0,1.4
KETTLE FALLS HIGH SCHOOL,0
0,0
KETTLE FALLS MIDDLE SCHOOL,1.3
0,1.3
KEY PENINSULA MIDDLE SCHOOL,0.2
6,0.2
KILO MIDDLE SCHOOL,0.7
8,0.7
KIMBALL ELEMENTARY SCHOOL,0.5
9,0.5
KING'S WAY CHRISTIAN SCHOOL,0.3
3,0.3
KINGS SCHOOLS,0.3
7,0.3
KINGSPOINT CHRISTIAN SCHOOL,0
4,0
KINGSTON HIGH SCHOOL,0.4
6,0.4
KINGSTON MIDDLE SCHOOL,0.4
6,0.4
KIONA-BENTON CITY HIGH SCHOOL,0
4,0
KIONA-BENTON CITY MIDDLE SCHOOL,0
4,0
KIONA-BENTON CITY PRIMARY SCHOOL,0
4,0
KIONA-BENTON INTERMEDIATE SCHOOL,0
4,0
KIRK ELEMENTARY,0
1,0
KIRKLAND CHILDRENS SCHOOL,0
1,0
KIRKLAND MIDDLE SCHOOL,0
1,0
KIRKLAND SDA SCHOOL,0
1,0
KIRKWOOD ELEMENTARY SCHOOL,0
4,0
KITSAP ADVENTIST CHRISTIAN SCHOOL,0
6,0
KITSAP LAKE ELEMENTARY,0.5
6,0.5
KITTITAS ELEMENTARY SCHOOL,0.7
0,0.7
KITTITAS HIGH SCHOOL,0.8
0,0.8
KLAHOWYA SECONDARY,0.2
0,0.2
KLICKITAT ELEM & HIGH,0
0,0
KNOLLS VISTA ELEMENTARY,0
4,0
KOKANEE ELEMENTARY,0.1
1,0.1
KOMACHIN MIDDLE SCHOOL,0.1
10,0.1
KOPACHUCK MIDDLE SCHOOL,0.4
6,0.4
KULSHAN MIDDLE SCHOOL,0
2,0
L & E ACADEMY,0
1,0
L P BROWN ELEMENTARY,0
10,0
LA CENTER ELEMENTARY,1.4
0,1.4
LA CENTER HIGH SCHOOL,0.4
3,0.4
LA CENTER MIDDLE SCHOOL,1
3,1
LA CONNER ELEMENTARY,0
0,0
LA CONNER HIGH SCHOOL,0
0,0
LA CONNER MIDDLE,0.7
0,0.7
LA SALLE HIGH SCHOOL,0
4,0
LA VENTURE MIDDLE SCHOOL,0.3
1,0.3
LACAMAS HEIGHTS ELEMENTARY,2.5
3,2.5
LACEY ELEMENTARY,0
10,0
LACKAMAS ELEMENTARY,0.6
3,0.6
LACROSSE ELEMENTARY SCHOOL,0
5,0
LACROSSE HIGH SCHOOL,0
0,0
LAFAYETTE ELEMENTARY SCHOOL,0.7
7,0.7
LAKE DOLLOFF ELEMENTARY SCHOOL,0.8
8,0.8
LAKE FOREST PARK ELEMENTARY,0
7,0
LAKE GROVE ELEMENTARY SCHOOL,0
9,0
LAKE HILLS ELEMENTARY,1
9,1
LAKE LOUISE ELEMENTARY SCHOOL,0.3
10,0.3
LAKE QUINAULT ELEMENTARY,1.1
6,1.1
LAKE QUINAULT HIGH SCHOOL,0
6,0
LAKE ROOSEVELT HIGH SCHOOL,0.3
4,0.3
LAKE SHORE ELEMENTARY,0.5
3,0.5
LAKE SPOKANE ELEMENTARY,0.2
5,0.2
LAKE STEVENS MIDDLE SCHOOL,0.5
1,0.5
LAKE STEVENS SR HIGH SCHOOL,0.3
1,0.3
LAKE STICKNEY ELEMENTARY SCHOOL,0.2
2,0.2
LAKE TAPPS ELEMENTARY,0.2
8,0.2
LAKE VIEW ELEMENTARY SCHOOL,0.2
8,0.2
LAKE WASHINGTON GIRLS MIDDLE SCHOOL,0
9,0
LAKE WASHINGTON HIGH,0.5
1,0.5
LAKE WILDERNESS ELEMENTARY,0.1
8,0.1
LAKE YOUNGS ELEMENTARY SCHOOL,0.2
0,0.2
LAKELAND ELEMENTARY SCHOOL,0
8,0
LAKELAND HILLS ELEMENTARY,0.4
8,0.4
LAKERIDGE ELEMENTARY SCHOOL,0.2
9,0.2
LAKERIDGE MIDDLE SCHOOL,0.5
8,0.5
LAKES ELEMENTARY SCHOOL,0
10,0
LAKES HIGH SCHOOL,0
10,0
LAKESHORE MONTESSORI SCHOOL,0
3,0
LAKESIDE HIGH SCHOOL,0.2
5,0.2
LAKESIDE MIDDLE SCHOOL,0
5,0
LAKESIDE SCHOOL,0
7,0
LAKEVIEW ELEMENTARY,0.2
1,0.2
LAKEVIEW HOPE ACADEMY,0
10,0
LAKEVIEW TERRACE ELEMENTARY,0
4,0
LAKEWOOD ELEMENTARY SCHOOL,0
0,0
LAKEWOOD HIGH SCHOOL,0.5
0,0.5
LAKEWOOD LUTHERAN SCHOOL,0
10,0
LAKEWOOD MIDDLE SCHOOL,0.4
0,0.4
LAKOTA MIDDLE SCHOOL,2.8
9,2.8
LAMONT MIDDLE SCHOOL,0
0,0
LARCHMONT ELEMENTARY SCHOOL,0
10,0
LARSON HEIGHTS ELEMENTARY,0.9
4,0.9
LAURELHURST ELEMENTARY SCHOOL,0.7
7,0.7
LAURIN MIDDLE SCHOOL,1.6
3,1.6
LAWTON ELEMENTARY SCHOOL,0.2
7,0.2
LEA HILL ELEMENTARY SCHOOL,0.2
8,0.2
LEADERS IN LEARNING,0
1,0
LEGACY HIGH SCHOOL,0
3,0
4,0
LEONARD M JENNINGS ELEMENTARY,0
5,0
LEOTA JUNIOR HIGH,0.1
1,0.1
LES LILAS FRENCH BILINGUAL COMMUNITY SCHOOL,0
0,0
LESCHI ELEMENTARY SCHOOL,0
9,0
LEWIS & CLARK ELEMENTARY SCHOOL,0
4,0
LEWIS & CLARK HIGH SCHOOL,0.5
5,0.5
LEWIS & CLARK MIDDLE SCHOOL,0
4,0
LEWIS AND CLARK ELEMENTARY SCH,0
0,0
LEWIS AND CLARK HIGH SCHOOL,0
3,0
LEWIS COUNTY ADVENTIST SCHOOL,0
3,0
LEWIS RIVER ACADEMY,0
3,0
LIBBY CENTER,0.8
5,0.8
LIBERTY BELL JR SR HIGH,0.4
4,0.4
LIBERTY CHRISTIAN SCHOOL,1.3
4,1.3
5,0
LIBERTY ELEMENTARY,0
2,0
LIBERTY HIGH SCHOOL,0
5,0
LIBERTY JR HIGH AND ELEMENTARY,0.3
5,0.3
LIBERTY LAKE ELEMENTARY,0.1
5,0.1
LIBERTY MIDDLE SCHOOL,1.2
3,0.8
10,0.4
LIBERTY RIDGE ELEMENTARY,0.2
8,0.2
LIBERTY SR HIGH SCHOOL,0
8,0
LICTON SPRINGS K-8 SCHOOL,0.8
7,0.8
LIDGERWOOD ELEMENTARY,0.5
5,0.5
LIFE CHRISTIAN ACADEMY,0.2
6,0.2
LIGHT OF FAITH CHRISTIAN ACADEMY,0
1,0
LIGHTHOUSE CHRISTIAN SCHOOL,0
6,0
LINCOLN ACADEMY,7.1
2,7.1
LINCOLN ELEMENTARY,0.9
6,0.5
8,0.4
LINCOLN ELEMENTARY SCHOOL,1.4
0,0.2
1,0.5
3,0
4,0
10,0.7
LINCOLN HEIGHTS ELEMENTARY,0.6
5,0.6
LINCOLN HIGH SCHOOL,0.5
5,0
6,0.5
LINCOLN HILL HIGH SCHOOL,1.4
2,1.4
LINCOLN MIDDLE SCHOOL,0.2
5,0.2
LIND ELEMENTARY SCHOOL,0
0,0
LIND-RITZVILLE HIGH SCHOOL,0
0,0
4,0
LIND-RITZVILLE MIDDLE SCHOOL,0
4,0
LINDBERGH SENIOR HIGH SCHOOL,0.5
9,0.5
LINWOOD ELEMENTARY,0
5,0
LISTER ELEMENTARY SCHOOL,0
10,0
LITTLE CEDARS ELEMENTARY SCHOOL,0.4
1,0.4
LITTLE MOUNTAIN ELEMENTARY,0
1,0
LITTLE OAK MONTESSORI SCHOOL,0
3,0
LITTLE OAK MONTESSORI SCHOOL--2ND LOCATION,0
3,0
LITTLE STAR MONTESSORI SCHOOL,0
0,0
LITTLEROCK ELEMENTARY SCHOOL,0
0,0
LIVING MONTESSORI ACADEMY,0
9,0
LIVING WISDOM SCHOOL OF SEATTLE,0
2,0
LOCHBURN MIDDLE SCHOOL,0.2
10,0.2
LOCKWOOD ELEMENTARY,0.2
2,0.2
LOGAN ELEMENTARY,0.7
5,0.7
LONG BEACH ELEMENTARY SCHOOL,1
3,1
LONGFELLOW ELEMENTARY,0.4
4,0
5,0.4
LONGVIEW ELEMENTARY,0.4
4,0.4
LOON LAKE ELEMENTARY SCHOOL,0
5,0
LOOWIT HIGH SCHOOL,0
3,0
LOPEZ ELEMENTARY SCHOOL,0
2,0
LOPEZ MIDDLE HIGH SCHOOL,0
2,0
LOWELL ELEMENTARY,0
2,0
LOWELL ELEMENTARY SCHOOL,0.2
2,0
6,0.2
7,0
LOYAL HEIGHTS ELEMENTARY SCHOOL,0
7,0
LUCILLE UMBARGER ELEMENTARY,0.3
2,0.3
LUMMI TRIBAL ELEMENTARY SCHOOL,0
1,0
LUTACAGA ELEMENTARY,0
4,0
LYDIA HAWK ELEMENTARY,0
10,0
LYLE HIGH SCHOOL,0
0,0
LYLE MIDDLE SCHOOL,3.6
0,3.6
LYMAN ELEMENTARY SCHOOL,0
0,0
LYNDEN ACADEMY,2.3
1,2.3
"LYNDEN CHRISTIAN SCHOOL, BELLINGHAM",0
2,0
LYNDEN CHRISTIAN SCHOOLS,0
1,0
LYNDEN HIGH SCHOOL,0.2
1,0.2
LYNDEN MIDDLE SCHOOL,0.3
1,0.3
LYNNDALE ELEMENTARY,0.5
2,0.5
LYNNWOOD ELEMENTARY,0.7
2,0.7
LYNNWOOD HIGH SCHOOL,0.6
2,0.6
LYON ELEMENTARY SCHOOL,0
10,0
MABTON JR SR HIGH SCHOOL,0
0,0
MACHIAS ELEMENTARY,0
1,0
MADISON ELEMENTARY,0.7
1,0.2
2,0
5,0.5
MADISON ELEMENTARY SCHOOL,0.4
10,0.4
MADISON MIDDLE SCHOOL,0.1
7,0.1
MADRONA ELEMENTARY,0
9,0
MADRONA K-8 SCHOOL,0
9,0
MADRONA NONGRADED,0.5
7,0.5
MADRONA SCHOOL,0
6,0
MAKKAH ISLAMIC SCHOOL,0
9,0
MALTBY ELEMENTARY,0.2
1,0.2
MANCHESTER ELEMENTARY SCHOOL,1.1
6,1.1
MANITOU PARK ELEMENTARY SCHOOL,0
6,0
MANN ELEMENTARY,0
1,0
MANN ELEMENTARY SCHOOL,0.6
6,0.6
MANN MIDDLE SCHOOL,0
10,0
MANSFIELD ELEM AND HIGH SCHOOL,1
0,1
MANSON ELEMENTARY,0
0,0
MANSON MIDDLE HIGH SCHOOL,0
0,0
MANSON MIDDLE SCHOOL,0
8,0
MAPLE ELEMENTARY SCHOOL,0
9,0
MAPLE GROVE K-8,0.8
0,0.8
MAPLE HILLS ELEMENTARY,0
8,0
MAPLE LAWN ELEMENTARY,0.6
10,0.6
MAPLEWOOD CENTER,0
7,0
MAPLEWOOD ELEMENTARY,0
10,0
MAPLEWOOD HEIGHTS ELEMENTARY SCHOOL,0
9,0
MARCUS WHITMAN ELEMENTARY,0
4,0
MARCUS WHITMAN JUNIOR HIGH,0.3
6,0.3
MARCUS WHITMAN-COWICHE ELEMENTARY,0
4,0
MARIE CURIE STEM ELEMENTARY,0
4,0
MARINER HIGH SCHOOL,0.2
2,0.2
MARK MORRIS HIGH SCHOOL,0.7
3,0.7
MARK TWAIN ELEMENTARY,0
4,0
MARK TWAIN ELEMENTARY SCHOOL,0
9,0
MARLIN HUTTERITE SCHOOL,0
0,0
MARRION ELEMENTARY SCHOOL,0.2
3,0.2
MARSHALL ELEMENTARY,0
2,0
MARTHA LAKE ELEMENTARY,0.2
2,0.2
MARTIN LUTHER KING ELEMENTARY,0
3,0
MARTIN LUTHER KING JR ELEMENTARY,0
4,0
MARTIN LUTHER KING JR. ELEMENTARY SCHOOL,0
7,0
MARTIN SORTUN ELEMENTARY SCHOOL,0.7
8,0.7
MARVISTA ELEMENTARY,0
7,0
MARY M KNIGHT ELEMENTARY,0
0,0
MARY M KNIGHT HIGH SCHOOL,0
6,0
MARY PURCELL ELEMENTARY SCHOOL,0
2,0
MARY WALKER HIGH SCHOOL,2.2
0,2.2
MARYSVILLE ARTS AND TECHNOLOGY HIGH SCHOOL,0
2,0
MARYSVILLE COOP PROGRAM,0.7
2,0.7
MARYSVILLE MIDDLE SCHOOL,0
2,0
MARYSVILLE MOUNTAIN VIEW HIGH SCHOOL,0
2,0
MASON,0
6,0
MASON COUNTY CHRISTIAN SCHOOL,1.3
6,1.3
MATHEIA SCHOOL,0
7,0
MATTAWA ELEMENTARY,0
0,0
MATTSON MIDDLE SCHOOL,0.5
8,0.5
MAYA ANGELOU ELEMENTARY,0
4,0
MAYFLOWER CHRISTIAN SCHOOL,0
8,0
MAYWOOD HILLS ELEMENTARY,0.1
1,0.1
MAYWOOD MIDDLE SCHOOL,0.1
8,0.1
MC DONALD ELEMENTARY,0
7,0
MCALDER ELEMENTARY - CASCADE CHRISTIAN SCHOOL,2.7
8,2.7
MCAULIFFE ELEMENTARY,0
8,0
MCCARVER ELEMENTARY SCHOOL,0
6,0
MCCLEARY ELEM,0
6,0
MCCLURE ELEMENTARY SCHOOL,0
4,0
MCCLURE MIDDLE SCHOOL,0
7,0
MCDERMOTH ELEMENTARY,0.3
6,0.3
MCDONALD ELEMENTARY SCHOOL,0
5,0
MCFARLAND MIDDLE SCHOOL,0
4,0
MCGILVRA ELEMENTARY SCHOOL,0
7,0
MCKENNA ELEMENTARY,0.4
0,0.4
MCKENNY ELEMENTARY,0.3
10,0.3
MCKINLEY ELEMENTARY SCHOOL,0
4,0
MCKNIGHT MIDDLE SCHOOL,0.4
9,0.4
MCLANE ELEMENTARY SCHOOL,0
10,0
MCLOUGHLIN MIDDLE SCHOOL,0.4
3,0.3
4,0.1
MCMICKEN HEIGHTS ELEMENTARY,0
9,0
MCMURRAY MIDDLE SCHOOL,0.7
7,0.7
MEAD ALTERNATIVE HIGH SCHOOL,0
5,0
MEAD ELEMENTARY,0.3
8,0.3
MEAD SENIOR HIGH SCHOOL,0.1
5,0.1
MEADOW RIDGE ELEMENTARY,0.6
5,0.6
MEADOW RIDGE ELEMENTARY SCHOOL,0.2
8,0.2
MEADOWDALE ELEMENTARY SCHOOL,0
2,0
MEADOWDALE HIGH SCHOOL,0.2
2,0.2
MEADOWDALE MIDDLE SCHOOL,0.4
2,0.4
MEADOWGLADE SDA SCHOOL,0
3,0
MEADOWS ELEMENTARY,0.3
10,0.3
MEDICAL LAKE ALTERNATIVE HIGH SCHOOL,0
0,0
MEDICAL LAKE HIGH SCHOOL,0.2
0,0.2
MEDICAL LAKE MIDDLE SCHOOL,0.3
0,0.3
MEDINA ACADEMY,0.5
1,0.5
MEDINA ELEMENTARY SCHOOL,0
1,0
MEEKER ELEMENTARY,0.2
10,0.2
MEEKER MIDDLE SCHOOL,0.5
8,0.5
9,0
MELVIN G SYRE ELEMENTARY,0
7,0
MERCER ISLAND HIGH SCHOOL,0.1
9,0.1
MERCER MIDDLE SCHOOL,0.3
9,0.3
MEREDITH HILL ELEMENTARY SCHOOL,0.6
8,0.6
MERIDIAN ELEMENTARY SCHOOL,0.2
8,0.2
MERIDIAN HIGH SCHOOL,0.4
1,0.4
MERIDIAN MIDDLE SCHOOL,1.1
1,0.4
9,0.7
MERIDIAN PARK ELEMENTARY SCHOOL,0
7,0
MERIDIAN SCHOOL,0
7,0
MERIWETHER ELEMENTARY SCHOOL,0.3
0,0.3
MESA ELEMENTARY,0
0,0
METHOW VALLEY COMMUNITY SCHOOL,0
4,0
METHOW VALLEY ELEMENTARY,0
4,0
MICHAEL ANDERSON ELEMENTARY,0
0,0
MICHAEL T SIMMONS ELEMENTARY,0.2
10,0.2
MIDDLE COLLEGE HIGH SCHOOL,0
7,0
MIDDLE SCHOOL OPTIONS,3.8
6,3.8
MIDLAND ELEMENTARY,0.2
10,0.2
MIDWAY ELEMENTARY,0.4
5,0.3
9,0.1
MIDWAY ELEMENTARY (MLC/DISCOVER),0.4
4,0.4
MILL A ELEMENTARY SCHOOL,0
3,0
MILL CREEK ELEMENTARY,0.4
0,0.4
MILL CREEK MIDDLE SCHOOL,0
9,0
MILL PLAIN ELEMENTARY SCHOOL,0.2
3,0.2
MILL POND ELEMENTARY SCHOOL,0.4
0,0.4
MILLENNIUM ELEMENTARY SCHOOL,0.2
8,0.2
MILLER JUNIOR HIGH,0.2
6,0.2
MILLWOOD KINDERGARTEN CENTER,0
5,0
MINNEHAHA ELEMENTARY SCHOOL,0.6
3,0.6
MINT VALLEY ELEMENTARY,0
3,0
MINTER CREEK ELEMENTARY,0.3
6,0.3
MIRROR LAKE ELEMENTARY SCHOOL,0
9,0
MISSION CREEK CHRISTIAN EDUCATION CENTER,0
3,0
MISSION VIEW ELEMENTARY SCHOOL,0
8,0
MMSC DAY SCHOOL,0
7,0
MONARCH ACADEMY,0
5,0
MONROE CHRISTIAN SCHOOL,1.1
1,1.1
MONROE ELEMENTARY,0
2,0
MONROE HIGH SCHOOL,0.6
1,0.6
MONROE MONTESSORI SCHOOL,0
1,0
MONTE CRISTO ELEMENTARY,0.2
1,0.2
MONTESANO JR-SR HIGH,0.2
6,0.2
MONTESANO LEARNING ACADEMY,0
0,0
MONTESSORI AT SAMISH WOODS,0
2,0
MONTESSORI CHILDREN'S HOUSE,0
1,0
MONTESSORI CHILDRENS HOUSE OF LONGVIEW,0
3,0
MONTESSORI COUNTRY SCHOOL - CHILDREN'S HOUSE,0
6,0
MONTESSORI COUNTRY SCHOOL - ELEMENTARY CAMPUS,0
6,0
MONTESSORI SCHOOL OF PULLMAN,0
5,0
MONTESSORI SCHOOL OF YAKIMA,0
4,0
MONTESSORI SCHOOLS OF SNOHOMISH CO.,0
2,0
MONTICELLO MIDDLE SCHOOL,0.8
3,0.8
MONTLAKE ELEMENTARY SCHOOL,0
7,0
MONUMENT ELEMENTARY,0.3
4,0.3
MOORLANDS ELEMENTARY,0
1,0
MORAN PRAIRIE ELEMENTARY,0.2
5,0.2
MORGAN MIDDLE SCHOOL,0.3
8,0.3
MORGEN OWINGS ELEMENTARY SCHOOL,0.2
8,0.2
MORNINGSIDE ACADEMY,0
7,0
MORRIS FORD MIDDLE SCHOOL,0.4
10,0.4
MORRIS SCHOTT ELEMENTARY,0
0,0
MORTON ELEMENTARY SCHOOL,0
0,0
MORTON JUNIOR-SENIOR HIGH,0
0,0
MOSES LAKE CHRISTIAN ACADEMY,0
4,0
MOSES LAKE HIGH SCHOOL,0.5
4,0.5
MOSSYROCK ACADEMY,0
0,0
MOSSYROCK ELEMENTARY SCHOOL,0.3
0,0.3
MOSSYROCK JR./SR. HIGH SCHOOL,0.5
0,0.5
MOUNT ADAMS MIDDLE SCHOOL,0
0,0
MOUNT BAKER ACADEMY,0
0,0
MOUNT BAKER JUNIOR HIGH,0.7
1,0.7
MOUNT BAKER MIDDLE SCHOOL,0.1
1,0.1
MOUNT BAKER SENIOR HIGH,0.7
1,0.7
MOUNT ERIE ELEMENTARY,0.2
2,0.2
MOUNT PLEASANT ELEMENTARY SCHOOL,1.6
3,1.6
MOUNT RAINIER HIGH SCHOOL,0.1
9,0.1
MOUNT SI HIGH SCHOOL,0.3
8,0.3
MOUNT VERNON CHRISTIAN SCHOOL,0.7
1,0.7
MOUNT VERNON HIGH SCHOOL,0.3
1,0.3
MOUNT VIEW ELEMENTARY,0
7,0
MOUNTAIN MEADOW ELEMENTARY,0.2
0,0.2
MOUNTAIN VIEW CHRISTIAN SCHOOL,0
3,0
6,0
MOUNTAIN VIEW ELEMENTARY,1
0,0
4,0.7
10,0.3
MOUNTAIN VIEW HIGH SCHOOL,0.3
3,0.3
MOUNTAIN VIEW MIDDLE SCHOOL,0.7
6,0.1
8,0.6
MOUNTAIN WAY ELEMENTARY,0
1,0
MOUNTAINSIDE MIDDLE SCHOOL,0.3
5,0.3
MOUNTAINVIEW ELEMENTARY,0
4,0
MOUNTLAKE TERRACE ELEMENTARY,0
2,0
MOUNTLAKE TERRACE HIGH SCHOOL,0.1
2,0.1
MOXEE ELEMENTARY,0
0,0
MP PATHWAYS OF CHOICE,0.1
2,0.1
MT BAKER MIDDLE SCHOOL,0.4
8,0.4
MT SPOKANE HIGH SCHOOL,0.5
5,0.5
MT TAHOMA,0.1
6,0.1
MT. OLIVE LUTHERAN SCHOOL,0
0,0
MT. PILCHUCK ELEMENTARY SCHOOL,0.7
1,0.7
MT. RAINIER LUTHERAN HIGH SCHOOL,0
10,0
MT. SOLO MIDDLE SCHOOL,0.2
3,0.2
MT. STUART ELEMENTARY,0.2
8,0.2
MT. VIEW ELEMENTARY,0.3
10,0.3
MUIR ELEMENTARY,0
1,0
MUKILTEO ACADEMY,0
2,0
MUKILTEO ELEMENTARY,0.2
2,0.2
MULLAN ROAD ELEMENTARY,0.5
5,0.5
MULLENIX RIDGE ELEMENTARY SCHOOL,0.2
6,0.2
N OMAK ELEMENTARY,0
0,0
N.E. TACOMA ELEMENTARY SCHOOL,0
9,0
NACHES TRAIL ELEMENTARY,0.2
10,0.2
NACHES VALLEY ELEMENTARY SCHOOL,0.4
0,0.4
NACHES VALLEY HIGH SCHOOL,0
0,0
NACHES VALLEY MIDDLE SCHOOL,0.3
0,0.3
NAPAVINE ELEMENTARY,1.2
0,1.2
NAPAVINE JR SR HIGH SCHOOL,0.6
0,0.6
NARROWS VIEW INTERMEDIATE,0.3
10,0.3
NASELLE ELEMENTARY,0
3,0
NASELLE JR SR HIGH SCHOOLS,0
3,0
NATHAN HALE HIGH SCHOOL,0.3
7,0.3
NAUTILUS K-8 SCHOOL,0.2
9,0.2
NAVAL AVENUE ELEMENTARY SCHOOL,0
6,0
NEAH BAY ELEMENTARY SCHOOL,2.2
0,2.2
NEAH BAY JUNIOR/ SENIOR HIGH SCHOOL,1.7
0,1.7
NEELY O BRIEN ELEMENTARY SCHOOL,0.4
9,0.4
NELSEN MIDDLE SCHOOL,0.4
9,0.4
NELSON ELEMENTARY SCHOOL,0.4
8,0.4
NESPELEM ELEMENTARY,0
0,0
NESS ELEMENTARY,0.3
5,0.3
NEW HORIZON SCHOOL,0
9,0
NEW HORIZONS HIGH SCHOOL,0
4,0
NEW LIFE CHRISTIAN SCHOOL,0
4,0
NEW MARKET HIGH SCHOOL,0
0,0
NEW MARKET SKILLS CENTER,0
0,0
NEW START,0
7,0
NEWCASTLE ELEMENTARY SCHOOL,0
9,0
NEWPORT CHILDREN'S SCHOOL,0
9,0
NEWPORT HEIGHTS ELEMENTARY,0
9,0
NEWPORT HIGH SCHOOL,1.4
0,1.4
NEWPORT SENIOR HIGH SCHOOL,0.2
9,0.2
NILE CHRISTIAN SCHOOL/HOPE ACADEMY,0
4,0
NINE MILE FALLS ELEMENTARY,0.7
5,0.7
NISQUALLY MIDDLE SCHOOL,0
10,0
NOB HILL ELEMENTARY SCHOOL,0
4,0
NOOKSACK ELEMENTARY,0.5
1,0.5
NOOKSACK VALLEY HIGH SCHOOL,0.2
1,0.2
NOOKSACK VALLEY MIDDLE SCHOOL,0.3
1,0.3
NORTH BEACH ELEMENTARY SCHOOL,0.3
7,0.3
NORTH BEACH JUNIOR HIGH SCHOOL,0
0,0
NORTH BEACH SENIOR HIGH SCHOOL,0
0,0
NORTH BEND ELEMENTARY SCHOOL,0.2
8,0.2
NORTH BEND MONTESSORI INC,0
8,0
NORTH CENTRAL HIGH SCHOOL,0.5
5,0.5
NORTH COAST MONTESSORI SCHOOL,0
6,0
NORTH COUNTRY CHRISTIAN SCHOOL,0
4,0
NORTH ELEMENTARY,0.7
4,0.7
NORTH HILL ELEMENTARY,0
7,0
NORTH KITSAP HIGH SCHOOL,0.2
6,0.2
NORTH LAKE MIDDLE SCHOOL,0.3
1,0.3
NORTH MASON SENIOR HIGH SCHOOL,0.3
6,0.3
NORTH MIDDLE SCHOOL,0.3
2,0.3
NORTH PINES MIDDLE SCHOOL,0.2
5,0.2
NORTH RIVER SCHOOL,0
3,0
NORTH SEATTLE FRENCH SCHOOL,0
7,0
NORTH STAR ELEMENTARY,0.2
10,0.2
NORTH TAPPS MIDDLE SCHOOL,0.2
8,0.2
NORTH THURSTON HIGH SCHOOL,0.1
10,0.1
NORTH WALL ELEMENTARY,0
5,0
NORTH WHIDBEY CHRISTIAN HIGH,0
2,0
NORTH WHIDBEY KID'S ACADEMY,0
2,0
NORTH WHIDBEY MIDDLE SCHOOL,0
2,0
NORTHERN HEIGHTS ELEMENTARY SCHL,0
2,0
NORTHERN LIGHTS MONTESSORI SCHOOL,0
1,0
NORTHERN LIGHTS MONTESSORI SCHOOL WILLOWS CAMPUS,0
1,0
NORTHGATE ELEMENTARY SCHOOL,0
7,0
NORTHLAKE ELEMENTARY SCHOOL,0
3,0
NORTHLAKE PRESCHOOL/ NORTHLAKE ACADEMY,0
1,0
NORTHPORT ELEMENTARY SCHOOL,0.9
0,0.9
NORTHPORT HIGH SCHOOL,0
0,0
NORTHSHORE CHRISTIAN ACADEMY,0
2,0
NORTHSHORE JUNIOR HIGH,0
1,0
NORTHSHORE NETWORKS,0
1,0
NORTHSHORE PRIMARY CENTER,0
1,0
NORTHSTAR MIDDLE SCHOOL,0
1,0
NORTHWEST ACHIEVE SCHOOL,0
5,0
NORTHWEST CHRISTIAN HIGH SCHOOL,1.8
10,1.8
NORTHWEST CHRISTIAN SCHOOL,0
5,0
10,0
NORTHWEST FREE SCHOOL,0
9,0
NORTHWEST LIBERTY SCHOOL,0
1,0
NORTHWEST MONTESSORI,0
7,0
NORTHWEST SCHOOL,0
7,0
NORTHWEST YESHIVA HIGH SCHOOL,0
9,0
NORTHWOOD ELEMENTARY,0.2
9,0
10,0.2
NORTHWOOD MIDDLE SCHOOL,0.4
5,0.1
8,0.3
NOVA HIGH SCHOOL,0.9
7,0.9
NOVA SCHOOL,0
10,0
NUEVA ESPERANZA LEADERSHIP ACADEMY (FORMERLY FIRST FRUITS ACADEMY 2016),0
5,0
O'DEA HIGH SCHOOL,0.7
9,0.7
OAK GROVE ELEMENTARY SCHOOL,0
10,0
OAK HARBOR CHRISTIAN SCHOOL,0
2,0
OAK HARBOR ELEMENTARY,0.2
2,0.2
OAK HARBOR HIGH SCHOOL,0.2
2,0.2
OAK HARBOR MIDDLE SCHOOL,0
2,0
OAK HEIGHTS ELEMENTARY,0.3
2,0.3
OAKBROOK ELEMENTARY SCHOOL,0.3
10,0.3
OAKESDALE ELEMENTARY SCHOOL,0
0,0
OAKESDALE HIGH SCHOOL,0
0,0
OAKLAND BAY JUNIOR HIGH SCHOOL,0.1
10,0.1
OAKLAND HIGH SCHOOL,0.5
6,0.5
OAKRIDGE RANCH - MONTESSORI FARM SCHOOL,0
4,0
OAKVIEW ELEMENTARY SCHOOL,0.5
3,0.5
OAKVILLE ELEMENTARY,0
0,0
OAKVILLE HIGH SCHOOL,0
0,0
OASIS K-12,0
2,0
OCEAN PARK ELEMENTARY,0
3,0
OCEAN SHORES ELEMENTARY,0
0,0
OCHOA MIDDLE SCHOOL,0
4,0
OCOSTA ELEMENTARY SCHOOL,0
6,0
OCOSTA JUNIOR - SENIOR HIGH,0.3
6,0.3
ODESSA HIGH SCHOOL,0
0,0
ODLE MIDDLE SCHOOL,0.1
9,0.1
ODYSSEY ELEMENTARY,0.2
2,0.2
ODYSSEY MULTIAGE PROGRAM,0.8
6,0.8
OFF CAMPUS,0.7
0,0.7
OKANOGAN HIGH SCHOOL,0.7
0,0.7
OKANOGAN MIDDLE SCHOOL,0
0,0
OLALLA ELEMENTARY SCHOOL,0
0,0
OLIVIA PARK ELEMENTARY,0
2,0
OLYMPIA CHRISTIAN SCHOOL,0
10,0
OLYMPIA COMMUNITY SCHOOL,0
10,0
OLYMPIA HIGH SCHOOL,0.2
10,0.2
OLYMPIA REGIONAL LEARNING ACADEMY,1.6
10,1.6
OLYMPIA REGIONAL LEARNING ACADEMY B,0.9
10,0.9
OLYMPIA WALDORF SCHOOL,0
10,0
OLYMPIC CHRISTIAN SCHOOL,6.4
6,6.4
OLYMPIC ELEMENTARY,0
3,0
OLYMPIC ELEMENTARY SCHOOL,0.2
3,0.2
OLYMPIC HIGH SCHOOL,0.2
6,0.2
OLYMPIC HILLS ELEMENTARY SCHOOL,0.3
7,0.3
OLYMPIC MIDDLE SCHOOL,0.6
8,0.4
10,0.2
OLYMPIC VIEW ELEM,0
2,0
OLYMPIC VIEW ELEMENTARY,0.2
10,0.2
OLYMPIC VIEW ELEMENTARY SCHOOL,0
7,0
9,0
OLYMPIC VIEW MIDDLE SCHOOL,0.8
2,0.8
OMAK ADVENTIST CHRISTIAN SCHOOL,0
4,0
OMAK HIGH SCHOOL,0.9
0,0.9
OMAK MIDDLE SCHOOL,0.7
0,0.7
ON TRACK ACADEMY,0.6
5,0.6
ONALASKA ELEMENTARY SCHOOL,0
3,0
ONALASKA HIGH SCHOOL,0
3,0
ONALASKA MIDDLE SCHOOL,0
3,0
ONION CREEK ELEMENTARY,0
5,0
OPEN DOORS (1418),0.6
5,0.6
OPEN WINDOW SCHOOL,0
9,0
OPPORTUNITY ELEMENTARY,0.2
5,0.2
OPTIONS HIGH SCHOOL,0
2,0
ORCA K-8 SCHOOL,0
9,0
ORCAS CHRISTIAN SCHOOL,0
2,0
ORCAS ISLAND ELEMENTARY SCHOOL,1
2,1
ORCAS ISLAND HIGH SCHOOL,0
2,0
ORCAS ISLAND MIDDLE SCHOOL,0
2,0
ORCHARD CENTER ELEMENTARY,0.8
5,0.8
ORCHARD ELEMENTARY,0.1
4,0.1
ORCHARD HEIGHTS ELEMENTARY,0.3
6,0.3
ORCHARD MIDDLE SCHOOL,0
8,0
ORCHARD PRAIRIE ELEMENTARY,1.2
5,1.2
ORCHARDS ELEMENTARY SCHOOL,0.2
3,0.2
ORDWAY ELEMENTARY,0
6,0
ORIENT ELEM,3.3
0,3.3
ORONDO ELEMENTARY AND MIDDLE SCHOOL,0
0,0
OROVILLE ELEMENTARY,0
4,0
OROVILLE MIDDLE-HIGH SCHOOL,1.2
4,1.2
ORTING HIGH SCHOOL,0
8,0
ORTING MIDDLE SCHOOL,0
8,0
ORTING PRIMARY SCHOOL,0.4
8,0.4
OSBORN ELEMENTARY,0
8,0
OTHELLO HIGH SCHOOL,0
4,0
OTIS ORCHARDS SCHOOL,0.2
5,0.2
OUR LADY OF FATIMA SCHOOL,0
7,0
OUR LADY OF GUADALUPE SCHOOL,0
7,0
OUR LADY OF LOURDES SCHOOL,0
3,0
OUR LADY OF THE LAKE SCHOOL,0
7,0
OUR LADY STAR OF THE SEA SCHOOL,0
6,0
OUTLOOK ELEMENTARY SCHOOL,0
4,0
OVERCOMER ACADEMY,12.2
8,12.2
OVERLAKE SCHOOL,0
1,0
P C JANTZ ELEMENTARY,0
0,0
PACE ACADEMY (OPTIONS),0
6,0
PACE ALTERNATIVE HIGH SCHOOL,0
4,0
PACIFIC BEACH ELEMENTARY SCHOOL,0
0,0
PACIFIC CASCADE MIDDLE SCHOOL,0.2
8,0.2
PACIFIC CREST ACADEMY,0
3,0
PACIFIC CREST SCHOOLS,0
7,0
PACIFIC LEARNING ACADEMY,0
8,0
PACIFIC LEARNING CENTER NW,0
7,0
PACIFIC MIDDLE SCHOOL,0.7
3,0.7
9,0
PAIDEIA HIGH SCHOOL,10
5,10
PAL PROGRAM,0
6,0
PALISADES CHRISTIAN ACADEMY,0
5,0
PALISADES ELEMENTARY SCHOOL,0
4,0
PALOUSE ELEMENTARY AND HIGH SCHOOL,1.1
5,1.1
PALOUSE JUNCTION HIGH SCHOOL,0
0,0
PANORAMA SCHOOL,3.8
5,3.8
PANTHER LAKE ELEMENTARY SCHOOL,0
9,0
PARADE,1.9
1,1.9
PARAMOUNT CHRISTIAN ACADEMY,0
10,0
PARK LODGE ELEMENTARY SCHOOL,0
10,0
PARK MIDDLE SCHOOL,0
4,0
PARK ORCHARD ELEMENTARY SCHOOL,0.9
4,0.9
9,0
PARK PLACE MIDDLE SCHOOL,0.6
0,0.6
PARKLAND LUTHERAN SCHOOL,0
10,0
PARKSIDE ELEMENTARY,0.6
0,0.6
9,0
PARKVIEW ELEMENTARY SCHOOL,0.3
2,0.3
PARKWAY ELEMENTARY,0
5,0
PARKWAY SCHOOL,0.8
4,0.8
PARKWOOD ELEMENTARY,0.4
7,0.4
PASADENA PARK ELEMENTARY,0.6
5,0.6
PASCHAL SHERMAN,0
4,0
PASCO SENIOR HIGH SCHOOL,0.1
4,0.1
PATEROS ELEMENTARY,5.4
0,5.4
PATEROS HIGH SCHOOL,5.7
0,5.7
PATERSON ELEMENTARY SCHOOL,0
0,0
PATHFINDER K-8 SCHOOL,0.2
7,0.2
PAUL RUMBURG ELEMENTARY,1.3
8,1.3
PE ELL SCHOOL,0.4
0,0.4
PEACE LUTHERAN SCHOOL,0
6,0
PEACEFUL VALLEY CHRISTIAN SCHOOL,0
4,0
PEARL STREET CENTER,0
6,0
PENINSULA ELEMENTARY,0.2
4,0.2
PENINSULA HIGH SCHOOL,0.4
6,0.4
PENNY CREEK ELEMENTARY,0.1
1,0.1
PERKINS SCHOOL,0
7,0
PERRY G KEITHLEY MIDDLE SCHOOL,0.5
10,0.5
PESHASTIN DRYDEN ELEMENTARY,0
0,0
PETER G SCHMIDT ELEMENTARY,0.4
10,0.4
PETER S OGDEN ELEMENTARY,0.7
3,0.7
PHANTOM LAKE ELEMENTARY,0
9,0
PHOENIX HIGH SCHOOL,0
4,0
PHOENIX PROGRAM,0.7
10,0.7
PI PROGRAM,8.4
0,8.4
PICNIC POINT ELEMENTARY,0
2,0
PIERCE COUNTY SKILLS CENTER,0
10,0
PINE LAKE MIDDLE SCHOOL,0.2
8,0.2
PINE TREE ELEMENTARY SCHOOL,0.7
8,0.7
PINECREST ELEMENTARY,0
6,0
PINEWOOD ELEMENTARY,0.2
0,0.2
PIONEER ELEMENTARY,0.9
2,0.9
4,0
PIONEER ELEMENTARY SCHOOL,0.2
3,0
4,0
8,0
10,0.2
PIONEER INTERMEDIATE/MIDDLE SCHOOL,0.3
6,0.3
PIONEER MEADOWS MONTESSORI SCHOOL,0
1,0
PIONEER MIDDLE,0
10,0
PIONEER MIDDLE SCHOOL,0.6
5,0.3
8,0.3
PIONEER PRIMARY SCHOOL,0
6,0
PIONEER SCHOOL,0
5,0
PIONEER VALLEY ELEMENTARY,0.4
10,0.4
PLEASANT GLADE ELEMENTARY,0
10,0
PLEASANT VALLEY MIDDLE,0.8
3,0.8
PLEASANT VALLEY PRIMARY,0.5
0,0.5
POINT DEFIANCE ELEMENTARY SCHOOL,0.2
6,0.2
POINT ROBERTS PRIMARY,6.7
1,6.7
POMEROY ELEMENTARY SCHOOL,0
0,0
POMEROY JR SR HIGH SCHOOL,0
5,0
PONDEROSA ELEMENTARY,0.2
5,0.2
POPE ELEMENTARY,0.2
8,0.2
POPE JOHN PAUL II HIGH SCHOOL,0
10,0
PORT ANGELES HIGH SCHOOL,0.9
6,0.9
PORT GARDNER,1
2,1
PORT SUSAN MIDDLE SCHOOL,0
2,0
PORT TOWNSEND HIGH SCHOOL,0.3
6,0.3
POST MIDDLE SCHOOL,0.8
2,0.8
POULSBO ELEMENTARY SCHOOL,0.4
6,0.4
POULSBO MIDDLE SCHOOL,0.2
6,0.2
POULSBO SDA SCHOOL,0
6,0
PRAIRIE HIGH SCHOOL,0.8
0,0.8
PRAIRIE VIEW ELEMENTARY,0.3
5,0.3
PRAISE CHRISTIAN ACADEMY,0
7,0
PRESCOTT ELEMENTARY SCHOOL,0
0,0
PRESCOTT JR SR HIGH,0
0,0
PRESIDENTS ELEMENTARY,0.4
2,0.4
PRESTON HALL MIDDLE SCHOOL,0
5,0
PRIDE PREP,0
5,0
PRIVETT ACADEMY,0
9,0
PROGRESS ELEMENTARY SCHOOL,0
5,0
PROSPECT POINT ELEMENTARY,0.2
5,0.2
PROSSER FALLS EDUCATION CENTER,0
4,0
PROSSER HEIGHTS ELEMENTARY,0.4
4,0.4
PROSSER HIGH SCHOOL,0
4,0
PROVIDENCE CHRISTIAN SCHOOL NORTHWEST,0
1,0
PROVIDENCE CLASSICAL CHRISTIAN SCHOOL,0
2,0
PRUNE HILL ELEM,0.6
3,0.6
PTARMIGAN RIDGE INTERMEDIATE SCH,0.6
8,0.6
PUESTA DEL SOL ELEMENTARY SCHOOL (SUNSET BELLEVUE),0
9,0
PUGET SOUND ADVENTIST ACADEMY,0
1,0
PUGET SOUND CHRISTIAN SCHOOL,0
6,0
PUGET SOUND COMMUNITY SCHOOL,0
9,0
PUGET SOUND HIGH SCHOOL,0.6
7,0.6
PULLMAN CHRISTIAN SCHOOL,0
5,0
PULLMAN HIGH SCHOOL,0
5,0
PURDY ELEMENTARY SCHOOL,0
6,0
PUYALLUP HIGH SCHOOL,0.1
10,0.1
QUEEN ANNE ELEMENTARY,0.5
7,0.5
QUEEN OF ANGELS SCHOOL,0
6,0
QUEETS-CLEARWATER ELEMENTARY,0
0,0
QUIL CEDA TULALIP ELEMENTARY,0.9
2,0.9
QUILCENE HIGH AND ELEMENTARY,0
0,0
QUINCY HIGH SCHOOL,0.2
4,0.2
QUINCY HIGH TECH HIGH,0
4,0
QUINCY JUNIOR HIGH,0
4,0
QUINCY VALLEY SCHOOL,0
4,0
R A LONG HIGH SCHOOL,0.1
3,0.1
R E BENNETT ELEMENTARY,0.7
3,0.7
RAINIER BEACH HIGH SCHOOL,0
9,0
RAINIER CHRISTIAN HIGH SCHOOL,0
8,0
RAINIER CHRISTIAN MIDDLE SCHOOL,0
8,0
RAINIER CHRISTIAN SCHOOLS-KENT VIEW ELEMENTARY,0
8,0
RAINIER CHRISTIAN SCHOOLS-MAPLE VALLEY ELEMENTARY,0
8,0
RAINIER ELEMENTARY SCHOOL,0
0,0
10,0
RAINIER MIDDLE SCHOOL,0.4
0,0
8,0.4
RAINIER PREP,0
9,0
RAINIER SENIOR HIGH SCHOOL,1.2
0,1.2
RAINIER VIEW ELEMENTARY SCHOOL,0.2
8,0.2
9,0
RAISBECK AVIATION HIGH SCHOOL,0.7
9,0.7
RAYMOND ELEMENTARY SCHOOL,0
3,0
RAYMOND JR SR HIGH SCHOOL,0
3,0
RE-ENTRY HIGH SCHOOL,0
10,0
RE-ENTRY MIDDLE SCHOOL,0
10,0
REARDAN ELEMENTARY SCHOOL,3.4
5,3.4
REARDAN MIDDLE-SENIOR HIGH SCHOOL,6.2
0,6.2
RED ROCK ELEMENTARY,0
0,0
REDMOND ELEMENTARY,0.3
1,0.3
REDMOND HIGH,0.3
1,0.3
REDMOND MIDDLE SCHOOL,0.2
1,0.2
REED ELEMENTARY SCHOOL,0.2
6,0.2
REEVES MIDDLE SCHOOL,0.2
10,0.2
REGAL ELEMENTARY,0
5,0
RENAISSANCE ALTERNATIVE HIGH SCHOOL,0
6,0
RENAISSANCE SCHOOL,0
0,0
RENTON ACADEMY,2.2
9,2.2
RENTON CHRISTIAN SCHOOL,0
9,0
RENTON PARK ELEMENTARY SCHOOL,1.3
9,1.3
RENTON PREPARATORY CHRISTIAN SCHOOL,0
9,0
RENTON SENIOR HIGH SCHOOL,0.2
9,0.2
REPUBLIC ELEMENTARY SCHOOL,0
5,0
REPUBLIC JUNIOR HIGH,0
5,0
REPUBLIC SENIOR HIGH SCHOOL,2
5,2
RESTART LEADERSHIP ACADEMY,0
1,0
RICHARD GORDON ELEMENTARY,0.7
6,0.7
RICHLAND HIGH SCHOOL,0
4,0
RIDGE VIEW ELEMENTARY SCHOOL,0
4,0
RIDGECREST ELEMENTARY,0.4
7,0.2
8,0.2
RIDGEFIELD HIGH SCHOOL,0.8
3,0.8
RIDGELINE MIDDLE SCHOOL,1.4
0,1.4
RIDGETOP JUNIOR HIGH,0.1
6,0.1
RIDGEVIEW ELEMENTARY,0.8
4,0.2
5,0.6
RIDGEWOOD ELEMENTARY SCHOOL,0
8,0
RITZVILLE GRADE SCHOOL,0
4,0
RITZVILLE HIGH SCHOOL,0.8
4,0.8
RIVER RIDGE HIGH SCHOOL,0.1
10,0.1
RIVER VIEW HIGH SCHOOL,0.3
4,0.3
RIVERDAY SCHOOL,0
5,0
RIVERPOINT ACADEMY,0
5,0
RIVERS EDGE HIGH SCHOOL,0
4,0
RIVERSIDE CHRISTIAN SCHOOL,0.3
4,0.3
RIVERSIDE ELEMENTARY,0.3
5,0.3
RIVERSIDE HIGH SCHOOL,0.4
5,0.4
RIVERSIDE MIDDLE SCHOOL,0.3
5,0.3
RIVERSIDE SDA CHRISTIAN SCHOOL,0
3,0
RIVERVIEW ELEMENTARY,0.4
1,0.4
RIVERVIEW ELEMENTARY SCHOOL,0
3,0
RIVERWOOD COMMUNITY SCHOOL,0
5,0
ROBERT E LEE ELEMENTARY,0
8,0
ROBERT FROST ELEMENTARY,0.6
4,0.6
ROBERT GRAY ELEMENTARY,0
3,0
6,0
ROBERT L OLDS JUNIOR HIGH SCHOOL,0
0,0
ROBERTSON ELEMENTARY,0
4,0
ROCHESTER HIGH SCHOOL,0.2
3,0.2
ROCHESTER MIDDLE SCHOOL,0.4
0,0.4
ROCHESTER PRIMARY SCHOOL,0
3,0
ROCK CREEK ELEMENTARY,0.4
0,0.4
ROCK CREEK HUTTERITE,0
0,0
ROCK ISLAND ELEMENTARY,0
4,0
ROCKWELL ELEMENTARY,0.2
1,0.2
ROCKY RIDGE ELEMENTARY,0.2
8,0.2
ROGERS ADVENTIST SCHOOL,0
5,0
ROGERS HIGH SCHOOL,0.3
5,0.1
10,0.2
ROOSEVELT ELEMENTARY,1
4,0
5,1
ROOSEVELT ELEMENTARY SCHOOL,1.7
0,0
2,0.3
3,0.2
4,0
6,0.2
10,1
ROOSEVELT HIGH SCHOOL,0.1
7,0.1
ROOT ACADEMY,0
7,0
ROSA PARKS ELEMENTARY,0
1,0
ROSALIA ELEMENTARY AND SECONDARY SCHOOL,0
5,0
ROSALIND FRANKLIN STEM ELEMENTARY,0
0,0
ROSE HILL ELEMENTARY,0
1,0
ROSE HILL MIDDLE SCHOOL,0.4
1,0.4
ROSE VALLEY ELEMENTARY,0
3,0
ROWENA CHESS ELEMENTARY,0
4,0
ROXHILL ELEMENTARY SCHOOL,0
7,0
ROY ELEMENTARY,0
0,0
ROYAL HIGH SCHOOL,0
0,0
ROYAL INTERMEDIATE SCHOOL,0
0,0
ROYAL MIDDLE SCHOOL,0
0,0
RUSH ELEMENTARY,0.5
1,0.5
RUTH LIVINGSTON ELEMENTARY,0
4,0
SACAJAWEA ELEMENTARY,0
4,0
SACAJAWEA ELEMENTARY SCHOOL,0.5
3,0.5
7,0
SACAJAWEA MIDDLE SCHOOL,1.3
5,0.9
9,0.4
SACRED HEART HOSPITAL,0
0,0
SACRED HEART SCHOOL,0
1,0
SADDLE MOUNTAIN ELEMENTARY,0.2
0,0.2
SADDLE MOUNTAIN SCHOOL,0
4,0
SADIE HALSTEAD MIDDLE SCHOOL,0.3
0,0.3
SAGE CREST ELEMENTARY SCHOOL,0
0,0
SAGE HILLS HIGH SCHOOL,1.8
4,1.8
SAGE POINT ELEMENTARY SCHOOL,0.5
4,0.5
SAGEBRUSH ELEMENTARY SCHOOL,0
4,0
SAGEBRUSH MONTESSORI SCHOOL,0
4,0
SAGHALIE MIDDLE SCHOOL,0
9,0
SAINT GEORGE'S SCHOOL,0.3
5,0.3
SAINT HELENS ELEMENTARY,0
3,0
SAKAI INTERMEDIATE,0.2
6,0.2
SALEM WOODS ELEMENTARY SCHOOL,0.2
1,0.2
SALISH MIDDLE SCHOOL,0
0,0
SALISH SCHOOL OF SPOKANE,0
5,0
SALISH SEA DEAF SCHOOL,0
2,0
SALK MIDDLE SCHOOL,0.3
5,0.3
SALMON BAY K-8 SCHOOL,0
7,0
SALMON CREEK ELEMENTARY,0
3,0
SALMONBERRY SCHOOL,4.3
2,4.3
SALNAVE ELEMENTARY,0.3
5,0.3
SALTARS POINT ELEMENTARY,0
10,0
SAMISH ELEMENTARY SCHOOL,0
2,0
SAMMAMISH SENIOR HIGH,0.2
9,0.2
SAND HILL ELEMENTARY,1.3
0,1.3
SAND POINT ELEMENTARY,0.4
7,0.4
SANDBURG ELEMENTARY,0.4
1,0.4
SANISLO ELEMENTARY SCHOOL,0
7,0
SARAH J ANDERSON ELEMENTARY,0.2
3,0.2
SATSOP ELEMENTARY,0
0,0
SATUS ELEMENTARY,0
4,0
SAWYER WOODS ELEMENTARY SCHOOL,0
8,0
SCENIC HILL ELEMENTARY SCHOOL,0
9,0
SCHOOL FOR THE ENTREPRENEUR,0.5
2,0.5
SCIENCE AND MATH INSTITUTE,0
6,0
SCOOTNEY SPRINGS ELEMENTARY,0.2
4,0.2
SCRIBER LAKE HIGH SCHOOL,0.4
7,0.4
SEABURY SCHOOL,0
9,0
SEABURY SCHOOL--MIDDLE SCHOOL CAMPUS,0
6,0
SEAHURST ELEMENTARY SCHOOL,0.2
7,0.2
SEATTLE ACADEMY OF ARTS/SCIENCES,0
9,0
SEATTLE AMISTAD SCHOOL,4.8
9,4.8
SEATTLE AREA GERMAN AMERICAN SCHOOL,2.4
7,2.4
SEATTLE CHRISTIAN SCHOOL,0
9,0
SEATTLE CLASSICAL CHRISTIAN SCHOOL,0
7,0
SEATTLE COUNTRY DAY SCHOOL,0
7,0
SEATTLE GIRLS SCHOOL,0
9,0
SEATTLE HEBREW ACADEMY,0
7,0
SEATTLE HILL ELEMENTARY,0.2
1,0.2
SEATTLE JEWISH COMMUNITY SCHOOL,0
7,0
SEATTLE LUTHERAN HIGH SCHOOL,0
7,0
SEATTLE MINI MEDICAL SCHOOL,0
0,0
SEATTLE NATIVITY SCHOOL,0
9,0
SEATTLE PREP/MATTEO RICCI COLLEGE,0
7,0
SEATTLE URBAN ACADEMY,0
9,0
SEATTLE WALDORF - THREE CEDARS,0
9,0
SEATTLE WALDORF SCHOOL - MEADOWBROOK,0.3
7,0.3
SEATTLE WORLD SCHOOL,0
7,0
SEAVIEW ELEMENTARY,0.2
7,0.2
SECONDARY ACADEMY FOR SUCCESS,0
1,0
SECONDARY LEARNING CENTER,0
9,0
SECONDARY OPTIONS,0
10,0
SEDRO WOOLLEY SENIOR HIGH SCHOOL,0.2
2,0.2
SEHOME HIGH SCHOOL,0.1
2,0.1
SELAH ACADEMY,0
4,0
SELAH COVENANT CHRISTIAN SCHOOL,0
4,0
SELAH HIGH SCHOOL,0.3
4,0.3
SELAH INTERMEDIATE SCHOOL,0
4,0
SELAH MIDDLE SCHOOL,0.1
4,0.1
SELKIRK ELEMENTARY,0
5,0
SELKIRK HIGH SCHOOL,1.2
0,1.2
SELKIRK MIDDLE SCHOOL,2
0,2
SENTINEL TECH ALT SCHOOL,2.9
0,2.9
SEQUIM COMMUNITY SCHOOL (OLYMPIC PENINSULA ACADEMY),2.3
6,2.3
SEQUIM MIDDLE SCHOOL,0.6
6,0.6
SEQUIM SENIOR HIGH,1.5
6,1.5
SEQUOIA HIGH SCHOOL,0
2,0
SEQUOYAH MIDDLE SCHOOL,0.2
8,0.2
SERENDIPITY ACADEMY AT THE LODGE,0
10,0
SERENE LAKE ELEMENTARY,0
2,0
SETH WOODARD ELEMENTARY,1
5,1
SETON CATHOLIC COLLEGE PREPARATORY HIGH SCHOOL,0
3,0
SEVEN OAKS ELEMENTARY,0.2
10,0.2
SHADLE PARK HIGH SCHOOL,0.7
5,0.7
SHADOW LAKE ELEMENTARY,0.3
8,0.3
SHAHALA MIDDLE SCHOOL,0.6
3,0.6
SHAMROCK EDUCATIONAL ACADEMY,0
5,0
SHARPSTEIN ELEMENTARY SCHOOL,0.2
5,0.2
SHAW ISLAND ELEMENTARY SCHOOL,0
0,0
SHAW MIDDLE SCHOOL,0.2
5,0.2
SHAW ROAD ELEMENTARY,0
10,0
SHELTON HIGH SCHOOL,0.3
10,0.3
SHELTON VALLEY CHRISTIAN SCHOOL,0
6,0
SHELTON VIEW ELEMENTARY,0
1,0
SHERIDAN ELEMENTARY,0.9
5,0.9
SHERIDAN ELEMENTARY SCHOOL,0.2
10,0.2
SHERMAN ELEMENTARY SCHOOL,0.2
6,0.2
SHERWOOD ELEMENTARY,0.4
7,0.4
SHERWOOD FOREST ELEMENTARY,0.5
9,0.5
SHERWOOD FOREST ELEMENTARY SCHOOL,0.2
9,0.2
SHILOH HILLS ELEMENTARY,0.2
5,0.2
SHINING MOUNTAIN ELEMENTARY,0.1
10,0.1
SHORECREST HIGH SCHOOL,0.1
7,0.1
SHORELINE CHRISTIAN SCHOOL,0
7,0
SHOREWOOD CHRISTIAN SCHOOL,0.9
7,0.9
SHOREWOOD ELEMENTARY,0.2
7,0.2
SHOREWOOD HIGH SCHOOL,0.1
7,0.1
SHOULTES ELEMENTARY,0.4
2,0.4
SHOWALTER MIDDLE SCHOOL,0.3
9,0.3
SHUKSAN MIDDLE SCHOOL,0.2
2,0.2
SIDNEY GLEN ELEMENTARY SCHOOL,0.2
6,0.2
SIERRA HEIGHTS ELEMENTARY SCHOOL,0.5
9,0.5
SIERRA VISTA MIDDLE SCHOOL,0
4,0
SIFTON ELEMENTARY SCHOOL,0.2
3,0.2
SILVER BEACH ELEMENTARY,0.2
2,0.2
SILVER FIRS ELEMENTARY,0.2
1,0.2
SILVER LAKE ELEMENTARY,0.3
0,0.3
SILVER LAKE ELEMENTARY SCHOOL,0.4
0,0.4
SILVER RIDGE ELEMENTARY,0
6,0
SILVER STAR ELEMENTARY SCHOOL,0.2
3,0.2
SILVERDALE ELEMENTARY,0
6,0
SILVERWOOD SCHOOL,0
6,0
SIMPSON AVENUE ELEMENTARY,1
6,1
SKAGIT ADVENTIST ACADEMY,0
2,0
SKAGIT FAMILY LEARNING CENTER MVSD,1.6
1,1.6
SKAMANIA ELEMENTARY,0
3,0
SKILSKIN HIGH SCHOOL,0
0,0
SKINNER ELEMENTARY MONTESSORI SCHOOL,0
3,0
SKY VALLEY ADVENTIST SCHOOL,0
0,0
SKY VALLEY EDUCATION CENTER,4.1
1,4.1
SKYKOMISH ELEMENTARY AND MIDDLE SCHOOL,5.1
1,5.1
SKYKOMISH HIGH SCHOOL,0
1,0
SKYLINE ELEMENTARY,0.2
1,0.2
SKYLINE ELEMENTARY SCHOOL,0.2
0,0.2
6,0
SKYLINE HIGH SCHOOL,0.1
8,0.1
SKYRIDGE MIDDLE SCHOOL,0.9
3,0.9
SKYVIEW HIGH SCHOOL,0.8
3,0.8
SKYVIEW JUNIOR HIGH SCHOOL,0.2
1,0.2
SLAVIC CHRISTIAN ACADEMY--EDGEWOOD,0
10,0
SLAVIC CHRISTIAN ACADEMY--SPOKANE,0
5,0
SLAVIC CHRISTIAN ACADEMY--TACOMA,4.1
6,4.1
SLAVIC CHRISTIAN ACADEMY-VANCOUVER,0
3,0
SMITH ELEMENTARY,0.5
8,0.5
SMITH ELEMENTARY SCHOOL,0
4,0
SNO-KING ACADEMY,0
7,0
SNOHOMISH HIGH SCHOOL,0.2
1,0.2
SNOQUALMIE ACCESS,0
0,0
SNOQUALMIE ELEMENTARY,0
0,0
SNOQUALMIE SPRINGS SCHOOL,0
8,0
SNOWDON ELEMENTARY,0.2
5,0.2
SOAP LAKE ELEMENTARY,0
0,0
SOAP LAKE MIDDLE AND HIGH SCHOOL,0
0,0
SOAR ACADEMY PUBLIC CHARTER SCHOOL,0.7
6,0.7
SOLOMON CHRISTIAN SCHOOL,0
7,0
SOLVE FOR X SCHOOL,0
0,0
SOMERSET ELEMENTARY SCHOOL,0.3
9,0.3
SONSHINE CHRISTIAN ELEMENTARY,0
3,0
SOOS CREEK ELEMENTARY SCHOOL,0.5
9,0.5
SOUND PREPARATORY ACADEMY (FORMERLY XCEED PREPARATORY SCHOOL 2016),0
9,0
SOUND VIEW EDUCATION DBA STERLING WEST SEATTLE CAMPUS,0
7,0
SOUNDVIEW SCHOOL,0
2,0
SOUTH BAY ELEMENTARY,0.6
10,0.6
SOUTH BEND HIGH SCHOOL,0.4
0,0.4
SOUTH COLBY ELEMENTARY,0
6,0
SOUTH KITSAP HIGH SCHOOL,0.3
6,0.3
SOUTH LAKE HIGH SCHOOL,1.3
9,1.3
SOUTH PINES ELEMENTARY,0
5,0
SOUTH RIDGE ELEMENTARY,1
3,1
SOUTH SHORE K-8 SCHOOL,0
9,0
SOUTH SOUND CHRISTIAN SCHOOLS-TACOMA BAPTIST CAMPUS,0
6,0
SOUTH SOUND HIGH SCHOOL,0
10,0
SOUTHERN HEIGHTS ELEMENTARY,0
7,0
SOUTHGATE ELEMENTARY SCHOOL,0
4,0
SOUTHRIDGE HIGH SCHOOL,0
4,0
SOUTHSIDE CHRISTIAN SCHOOL,0
5,0
SOUTHSIDE ELEMENTARY,0
10,0
SOUTHWOOD ELEMENTARY SCHOOL,0.4
8,0.4
SOUTHWORTH ELEMENTARY,0
0,0
SPANAWAY ELEMENTARY,0
10,0
SPANAWAY LAKE HIGH SCHOOL,0.3
10,0.3
SPANAWAY MIDDLE SCHOOL,0.6
10,0.6
SPANISH WITH SARAH,0
3,0
SPECIAL EDUCATION SCHOOL,0
0,0
SPECTRUM ACADEMY,0
1,0
SPINNING ELEMENTARY,0.9
10,0.9
SPIRITRIDGE ELEMENTARY SCHOOL,0
9,0
SPOKANE CHRISTIAN ACADEMY,0
5,0
SPOKANE FALLS MONTESSORI,0
5,0
SPOKANE INTERNATIONAL ACADEMY,0
5,0
SPOKANE PUBLIC MONTESSORI,0.7
5,0.7
SPOKANE VALLEY ADVENTIST SCHOOL,4.9
5,4.9
SPOKANE VALLEY HIGH SCHOOL,0
5,0
SPOKANE VALLEY LEARNING ACADEMY,0
5,0
SPOKANE VALLEY TRANSITION SCHOOL,0.7
5,0.7
SPOKANE WINDSONG SCHOOL,7.5
5,7.5
SPRAGUE ELEMENTARY,0
0,0
SPRAGUE HIGH SCHOOL,0
0,0
SPRING ACADEMY,0
0,0
SPRING STREET INTERNATIONAL SCHOOL,0
2,0
SPRING VALLEY MONTESSORI,0
9,0
SPRINGBROOK ELEMENTARY SCHOOL,0
9,0
SPRINGDALE ACADEMY,0
0,0
SPRINGDALE ELEMENTARY,1.5
0,1.5
SPRINGDALE MIDDLE SCHOOL,4.9
0,4.9
SPRUCE ELEMENTARY,0.4
2,0.4
SPRUCE STREET SCHOOL,0
7,0
SQUALICUM HIGH SCHOOL,0.2
0,0.2
SRHD,0
5,0
ST. ALOYSIUS CATHOLIC SCHOOL,0
5,0
ST. ALPHONSUS SCHOOL,0
7,0
ST. ANNE SCHOOL,0
7,0
ST. ANTHONY SCHOOL,0.2
9,0.2
ST. BASIL ACADEMY OF CLASSICAL STUDIES,7.4
5,7.4
ST. BENEDICT SCHOOL,0
7,0
ST. BERNADETTE SCHOOL,0.5
7,0.5
ST. BRENDAN SCHOOL,0
1,0
ST. CATHERINE SCHOOL,0
7,0
ST. CECILIA CATHOLIC SCHOOL,0
6,0
ST. CHARLES BORROMEO SCHOOL,0
6,0
ST. CHARLES SCHOOL,0
5,0
ST. CHRISTOPHER ACADEMY,0
7,0
ST. EDWARDS SCHOOL,0
9,0
ST. FRANCES CABRINI SCHOOL,0
10,0
ST. FRANCIS OF ASSISI SCHOOL,0
7,0
ST. FRANCIS PREPARATORY SCHOOL,0
0,0
ST. GEORGE SCHOOL,0
9,0
ST. JOHN ELEMENTARY,0
0,0
ST. JOHN OF KRONSTADT ORTHODOX CHRISTIAN SCHOOL,0
4,0
ST. JOHN SCHOOL,0
7,0
ST. JOHN VIANNEY SCHOOL,0
5,0
ST. JOHN/ENDICOTT HIGH,0
0,0
ST. JOSEPH CATHOLIC SCHOOL OF ISSAQUAH,0
0,0
ST. JOSEPH MARQUETTE SCHOOL,0
4,0
ST. JOSEPH SCHOOL,0
3,0
7,0
ST. JOSEPH'S SCHOOL,0
4,0
8,0
ST. LOUISE SCHOOL,0
9,0
ST. LUKE SCHOOL,0
7,0
ST. MADELEINE SOPHIE SCHOOL,0
9,0
ST. MARK SCHOOL,0
7,0
ST. MARY MAGDALEN SCHOOL,0
2,0
ST. MARY SCHOOL,0
6,0
ST. MARY'S ACADEMY,0
10,0
ST. MARY'S CATHOLIC SCHOOL,0
5,0
ST. MATTHEW LUTHERAN SCHOOL,0
5,0
ST. MATTHEW SCHOOL,0
7,0
ST. MICHAEL CATHOLIC SCHOOL,2.2
1,2.2
ST. MICHAEL SCHOOL,0
10,0
ST. MICHAEL'S ACADEMY,1.6
5,1.6
ST. MONICA SCHOOL,0
9,0
ST. NICHOLAS SCHOOL,0
6,0
ST. PATRICK SCHOOL,0
4,0
6,0
ST. PAUL CATHEDRAL SCHOOL,0.7
4,0.7
ST. PAUL SCHOOL,0
9,0
ST. PAUL'S ACADEMY,0
2,0
ST. PAUL'S ACADEMY--2ND LOCATION,0
2,0
ST. PAUL'S LUTHERAN SCHOOL,0
8,0
ST. PHILOMENA SCHOOL,0
9,0
ST. PIUS X SCHOOL,0
2,0
ST. ROSE OF LIMA SCHOOL,0
4,0
ST. ROSE SCHOOL,0
3,0
ST. THERESE SCHOOL,0
9,0
ST. THOMAS MORE SCHOOL,0.4
2,0
5,0.4
ST. THOMAS SCHOOL,1.4
1,1.4
ST. VINCENT DE PAUL SCHOOL,0
9,0
STADIUM HIGH SCHOOL,0.5
6,0.5
STAHL JUNIOR HIGH,0.2
10,0.2
STAHLVILLE SCHOOL,0
0,0
STANLEY ELEMENTARY SCHOOL,0.7
6,0.7
STANTON ALTERNATIVE SCHOOL,0
0,0
STANWOOD ELEMENTARY SCHOOL,0
2,0
STANWOOD HIGH SCHOOL,0.1
2,0.1
STANWOOD MIDDLE SCHOOL,0
2,0
STAR ELEM SCHOOL,0
0,0
STAR LAKE ELEMENTARY SCHOOL,0
9,0
STARBUCK SCHOOL,0
0,0
STATE STREET HIGH SCHOOL,0
2,0
STEHEKIN ELEMENTARY,0
0,0
STEILACOOM HIGH,0.1
10,0.1
STELLA MARIS ACADEMY,14.3
0,14.3
STELLA SCHOLA,1.1
1,1.1
STEM,0.2
8,0.2
STEPTOE ELEMENTARY SCHOOL,0
0,0
STERLING INTERMEDIATE SCHOOL,0
8,0
STEVENS ELEMENTARY,0.4
5,0.4
STEVENS ELEMENTARY SCHOOL,0
6,0
7,0
STEVENS MIDDLE SCHOOL,0.6
4,0.1
6,0.5
STEVENSON ELEMENTARY,0.9
0,0.9
9,0
STEVENSON HIGH SCHOOL,1.9
0,1.9
STEWART ELEMENTARY,0.6
10,0.6
STEWART MIDDLE SCHOOL,0
10,0
STILLAGUAMISH SCHOOL,0.7
2,0.7
STILLPOINT SCHOOL,0
2,0
STILLWATER ELEMENTARY,0.2
1,0.2
STRATTON ELEMENTARY,0.3
0,0.3
SULAMITA CHRISTIAN SCHOOL,0
2,0
SULTAN ELEMENTARY SCHOOL,0.9
1,0.9
SULTAN MIDDLE SCHOOL,4.6
1,4.6
SULTAN SENIOR HIGH SCHOOL,2.9
1,2.9
SUMAS ELEMENTARY,0.4
1,0.4
SUMMIT CLASSICAL CHRISTIAN SCHOOL,0
8,0
SUMMIT PUBLIC SCHOOL: OLYMPUS,0
7,0
SUMMIT PUBLIC SCHOOL: SIERRA,0
7,0
SUMMIT SCHOOL,0
5,0
SUMMIT VALLEY SCHOOL,0
5,0
SUMMIT VIEW HIGH SCHOOL,1.4
0,1.4
SUMMIT VIEW MIDDLE SCHOOL,0
3,0
SUMMITVIEW ELEMENTARY,0
4,0
SUMNER HIGH SCHOOL,0.6
10,0.6
SUMNER MIDDLE SCHOOL,0.4
10,0.4
SUN VALLEY ELEMENTARY,0
4,0
SUNFIELD WALDORF SCHOOL,2
0,2
SUNNY HILLS ELEMENTARY,0.3
8,0.3
SUNNYCREST ELEMENTARY SCHOOL,0
1,0
9,0
SUNNYLAND ELEMENTARY SCHOOL,0
2,0
SUNNYSIDE CHRISTIAN SCHOOL,0
4,0
SUNNYSIDE CHRISTIAN SCHOOL (2ND LOCATION),0
4,0
SUNNYSIDE ELEMENTARY,1.2
2,1
5,0.2
SUNNYSIDE HIGH SCHOOL,0
4,0
SUNNYSLOPE ELEMENTARY SCHOOL,0.2
6,0.2
8,0
SUNRISE BEACH SCHOOL,2.9
10,2.9
SUNRISE ELEMENTARY,0.6
0,0.2
1,0
5,0.4
10,0
SUNRISE ELEMENTARY SCHOOL,0.8
9,0.8
SUNSET ELEMENTARY,0.4
0,0.2
5,0.2
SUNSET ELEMENTARY SCHOOL,0.7
3,0.7
SUNSET PRIMARY,0.2
10,0.2
SUNSET VIEW ELEMENTARY SCHOOL,0
4,0
SUNSHINE MOUNTAIN CHRISTIAN,0
8,0
SUQUAMISH ELEMENTARY SCHOOL,0.8
6,0.8
SURPRISE LAKE MIDDLE SCHOOL,0
8,0
SWAN SCHOOL,0
6,0
SWIFTWATER LEARNING CENTER,0
0,0
SYLVAN WAY CHRISTIAN EARLY CHILDHOOD CENTER,0
6,0
SYLVESTER MIDDLE SCHOOL,0
7,0
SYNERGY LEARNING ACADEMY,0
8,0
TACOMA SCHOOL OF THE ARTS,0.5
6,0.5
TACOMA WALDORF SCHOOL,0
6,0
TAHOLAH ELEMENTARY & MIDDLE SCHOOL,0
0,0
TAHOLAH HIGH SCHOOL,0
0,0
TAHOMA JR HIGH,0.1
8,0.1
TAHOMA MIDDLE SCHOOL,0.2
8,0.2
TAHOMA SENIOR HIGH SCHOOL,0.3
8,0.3
TALBOT HILL ELEMENTARY SCHOOL,0
9,0
TAPROOT SCHOOL,0
7,0
TAPTEAL ELEMENTARY SCHOOL,0
4,0
TEAM HIGH SCHOOL,2.4
3,2.4
TECHNOLOGY ACCESS FOUNDATION ACADEMY,0
9,0
"TECHNOLOGY, ENGINEERING AND COMMUNICATIONS",0
7,0
TEKOA ELEMENTARY SCHOOL,0
0,0
TEKOA HIGH SCHOOL,0
0,0
TENINO ELEMENTARY SCHOOL,0
0,0
TENINO HIGH SCHOOL,1.1
0,1.1
TENINO MIDDLE SCHOOL,1.1
0,1.1
TERMINAL PARK ELEMENTARY SCHOOL,0.4
8,0.4
TERRACE HEIGHTS ELEMENTARY,0
4,0
TERRACE PARK ELEMENTARY,0.9
2,0.9
THE BEAR CREEK SCHOOL,0
1,0
THE BRIDGE SCHOOL,0
7,0
THE BUSH SCHOOL,0
7,0
THE CENTER SCHOOL,0.8
7,0.8
THE CHILDREN'S INN ACADEMY,0
10,0
THE CLEARWATER SCHOOL,0
2,0
THE COMMUNITY SCHOOL,1.2
5,1.2
THE EASTSIDE MONTESSORI SCHOOL,0
9,0
THE GEMINI SCHOOL,0
9,0
THE ISLAND SCHOOL,0
6,0
THE LAKE AND PARK SCHOOL,0
9,0
THE LITTLE SCHOOL,0
9,0
THE MADRONE SCHOOL,0
1,0
THE MOOSE PROJECT,0
5,0
THE PHOENIX RISING SCHOOL,0
10,0
THE RIVER ACADEMY,0
8,0
THE SAMMAMISH MONTESSORI SCHOOL,0
1,0
THE WELL-TRAINED MIND MONTESSORI,0
8,0
THOMPSON ELEMENTARY SCHOOL,0
4,0
THOREAU ELEMENTARY,0.2
1,0.2
THORNDYKE ELEMENTARY,0.5
9,0.5
THORNTON CREEK ELEMENTARY SCHOOL,0.2
7,0.2
THORP ELEM AND JR SR HIGH,0.7
0,0.7
THREE POINTS ELEMENTARY,0
1,0
THREE RIVERS CHRISTIAN SCHOOL--KELSO JR./SR. HIGH CAMPUS,3.7
3,3.7
THREE RIVERS CHRISTIAN SCHOOL-LONGVIEW ELEM,0
3,0
THREE SPRINGS HIGH SCHOOL,0
5,0
THREE TREE MONTESSORI,0
7,0
THUNDER MOUNTAIN MIDDLE SCHOOL,0.2
8,0.2
THURGOOD MARSHALL ELEMENTARY,0
9,0
THURGOOD MARSHALL MIDDLE SCHOOL,0.5
10,0.5
TIETON INTERMEDIATE SCHOOL,0
0,0
TIFFANY PARK ELEMENTARY SCHOOL,0.2
9,0.2
TILDEN SCHOOL,0
7,0
TILLICUM ELEMENTARY SCHOOL,0.3
10,0.3
TILLICUM MIDDLE SCHOOL,0.2
9,0.2
TIMBER RIDGE ELEMENTARY SCHOOL,0
0,0
TIMBERCREST JUNIOR HIGH,0.1
1,0.1
TIMBERLINE HIGH SCHOOL,0.5
10,0.5
TLC MONTESSORI,0
8,0
TODD BEAMER HIGH SCHOOL,0.1
9,0.1
TOLEDO ELEMENTARY SCHOOL,0.3
0,0.3
TOLEDO HIGH SCHOOL,0
0,0
TOLEDO MIDDLE SCHOOL,1.7
0,1.7
TOLT MIDDLE SCHOOL,0.3
1,0.3
TONASKET ELEMENTARY SCHOOL,0.2
4,0.2
TONASKET HIGH SCHOOL,1.5
4,1.5
TONASKET MIDDLE SCHOOL,1.1
4,1.1
TOPPENISH HIGH SCHOOL,0
4,0
TOPPENISH MIDDLE SCHOOL,0.1
4,0.1
TOPS K-8 SCHOOL,0.4
7,0.4
TORAH DAY SCHOOL OF SEATTLE,0
9,0
TOTEM FALLS,0
1,0
TOTEM MIDDLE SCHOOL,0.4
2,0.3
9,0.1
TOUCHET ELEM AND HIGH SCHOOL,0
0,0
TOUCHSTONE SCHOOL,0
10,0
TOUTLE LAKE ELEMENTARY,0
3,0
TOUTLE LAKE HIGH SCHOOL,1
3,1
TRENT ELEMENTARY,0
5,0
TRENTWOOD ELEMENTARY SCHOOL,0.2
5,0.2
TRI-CITIES PREP,0
4,0
TRI-CITY JUNIOR ACADEMY,2.2
4,2.2
TRINITY CATHOLIC SCHOOL,0
5,0
TROJAN ALTERNATIVE SCHOOL,0
0,0
TROUT LAKE ELEMENTARY,3.3
0,3.3
TROUT LAKE SCHOOL,3.6
0,3.6
TRUMAN MIDDLE SCHOOL,0.1
6,0.1
TUKES VALLEY MIDDLE SCHOOL,1.4
3,1.4
TUKES VALLEY PRIMARY,0.3
3,0.3
TUKWILA ELEMENTARY,0.5
9,0.5
TUMWATER HIGH SCHOOL,0.5
10,0.5
TUMWATER HILL ELEMENTARY,0.2
10,0.2
TUMWATER MIDDLE SCHOOL,0.4
10,0.4
TUMWATER WEST,0
10,0
TWAIN ELEMENTARY,0
1,0
TWIN CEDARS HIGH SCHOOL,0
1,0
TWIN CITY ELEMENTARY,0
2,0
TWIN FALLS MIDDLE SCHOOL,0.1
1,0.1
TWIN LAKES ELEMENTARY SCHOOL,0.3
9,0.3
TWO RIVERS SCHOOL,1
8,1
TYEE MIDDLE SCHOOL,0.3
9,0.3
TYEE PARK ELEMENTARY SCHOOL,0
10,0
UCIC SCHOOL,0
1,0
UNION GAP SCHOOL,0
0,0
UNION HIGH SCHOOL,0.6
3,0.6
UNION RIDGE ELEMENTARY,1.3
3,1.3
UNIVERSITY CHILD DEVELOPMENT SCHOOL,0
7,0
UNIVERSITY COOPERATIVE SCHOOL,0
7,0
UNIVERSITY ELEMENTARY SCHOOL,0
5,0
UNIVERSITY HIGH SCHOOL,0.4
5,0.4
UNIVERSITY PLACE PRIMARY,0.4
10,0.4
UNIVERSITY PLACE SPECIAL EDUC,0
10,0
UNIVERSITY PREPARATORY,0
7,0
UPPER COLUMBIA ACADEMY,0
5,0
UPPER COLUMBIA ACADEMY ELEMENTARY,0
5,0
UPPER VALLEY CHRISTIAN SCHOOL,0
8,0
UTSALADY ELEMENTARY,0.3
2,0.3
VALE ELEMENTARY SCHOOL,0
8,0
VALHALLA ELEMENTARY SCHOOL,0.5
8,0.5
VALLEY ACADEMY OF LEARNING,1.6
8,1.6
VALLEY CHRISTIAN SCHOOL,0
8,0
VALLEY CHRISTIAN SCHOOL--CENTRAL VALLEY,2.1
5,2.1
VALLEY SCHOOL,3.8
5,3.8
7,0
VALLEY VIEW ELEMENTARY,0
4,0
VALLEY VIEW ELEMENTARY SCHOOL,0.4
8,0.4
VALLEY VIEW MIDDLE SCHOOL,0.3
1,0.3
VAN ASSELT ELEMENTARY SCHOOL,0
9,0
VANCOUVER ITECH PREPARATORY,0.8
3,0.8
VANCOUVER SCHOOL OF ARTS AND ACADEMICS,0.2
3,0.2
VASHON ISLAND HIGH SCHOOL,0.3
7,0.3
VAUGHN ELEMENTARY SCHOOL,0
6,0
VICTOR FALLS ELEMENTARY,0
0,0
VIEW RIDGE ELEMENTARY,0.5
2,0.5
VIEW RIDGE ELEMENTARY SCHOOL,0.9
6,0.7
7,0.2
VIEW RIDGE MIDDLE SCHOOL,2.1
3,2.1
VIEWLANDS ELEMENTARY SCHOOL,0.3
7,0.3
VILLA ACADEMY,0
7,0
VINLAND ELEMENTARY,0
6,0
VIRGIE ROBINSON ELEMENTARY,0
4,0
VISITATION SCHOOL,0
6,0
VISTA ELEMENTARY SCHOOL,0.3
4,0.3
VISTA MIDDLE SCHOOL,0.2
0,0.2
VOSSBECK ELEMENTARY SCHOOL,0
1,0
VOYAGER ELEMENTARY,0
6,0
VOYAGER MIDDLE SCHOOL,0.2
2,0.2
W & P STEVENSON INTERMEDIATE,0.7
3,0.7
W F WEST HIGH SCHOOL,0.6
3,0.6
WADE KING ELEMENTARY SCHOOL,0.5
2,0.5
WAHITIS ELEMENTARY SCHOOL,0.2
4,0.2
WAHKIAKUM HIGH SCHOOL,0.8
3,0.8
WAHLUKE HIGH SCHOOL,0.2
0,0.2
WAHLUKE JUNIOR HIGH,0
0,0
WAINWRIGHT ELEMENTARY AND INTERMEDIATE SCHOOL,0
10,0
WAITSBURG ELEMENTARY SCHOOL,0
0,0
WAITSBURG HIGH SCHOOL,0
5,0
WALDRON ISLAND SCHOOL,0
0,0
WALKER HIGH SCHOOL,0
10,0
WALLA WALLA HIGH SCHOOL,0.2
5,0.2
WALLA WALLA VALLEY ACADEMY,0
5,0
WALLACE ELEMENTARY,0
3,0
WALLER ROAD ELEMENTARY,0
10,0
WALNUT GROVE ELEMENTARY,1.3
3,1.3
WALTER STROM MIDDLE SCHOOL,0
8,0
WAPATO HIGH SCHOOL,0
4,0
WAPATO MIDDLE SCHOOL,0.3
4,0.3
WARDEN ELEMENTARY,0
4,0
WARDEN HIGH SCHOOL,0
4,0
WARDEN HUTTERIAN SCHOOL,0
4,0
WARDEN MIDDLE SCHOOL,0
4,0
WARREN HUNT ELEMENTARY,0.3
8,0.3
WASHINGTON ELEMENTARY,0.8
3,0.8
4,0
WASHINGTON ELEMENTARY SCHOOL,0.2
1,0
3,0
4,0
8,0.2
WASHINGTON HIGH SCHOOL,0.2
10,0.2
WASHINGTON MIDDLE SCHOOL,0.4
4,0
9,0
10,0.4
WASHINGTON NETWORK FOR INNOVATIVE CAREERS,0
0,0
WASHINGTON-HOYT ELEMENTARY,0.2
6,0.2
WASHOUGAL HIGH SCHOOL,1.8
3,1.8
WASHTUCNA ELEMENTARY/HIGH SCHOOL,2
0,2
WATERVILLE ELEMENTARY,0.8
0,0.8
WATERVILLE HIGH SCHOOL,1.3
0,1.3
WAYNE M HENKLE MIDDLE SCHOOL,1.1
3,1.1
WEDGWOOD ELEMENTARY SCHOOL,0
7,0
WELLINGTON ELEMENTARY,0.2
1,0.2
WELLPINIT ALLIANCE HIGH SCHOOL,0
5,0
WELLPINIT ELEMENTARY SCHOOL,0
0,0
WELLPINIT HIGH SCHOOL,0
0,0
WELLPINIT MIDDLE SCHOOL,0
0,0
WENATCHEE HIGH SCHOOL,0.1
8,0.1
WENATCHEE VALLEY TECHNICAL SKILLS CENTER,0
8,0
WEST AUBURN SENIOR HIGH SCHOOL,0
8,0
WEST HILLS S.T.E.M. ACADEMY,0.6
6,0.6
WEST MERCER ELEMENTARY,0.4
9,0.4
WEST SEATTLE ELEMENTARY SCHOOL,1.8
7,1.8
WEST SEATTLE HIGH SCHOOL,0
7,0
WEST SEATTLE MONTESSORI SCHOOL,0
7,0
WEST SOUND ACADEMY,0
6,0
WEST VALLEY CITY SCHOOL,0.5
0,0.5
WEST VALLEY HIGH SCHOOL,0.7
4,0.1
5,0.6
WEST VALLEY HIGH SCHOOL FRESHMAN CAMPUS,0
4,0
WEST VALLEY JR HIGH,0
4,0
WEST VALLEY MIDDLE SCHOOL,0
4,0
WEST VIEW ELEMENTARY,0
2,0
WEST WOODLAND ELEMENTARY SCHOOL,0
7,0
WESTGATE ELEMENTARY,0.2
7,0.2
WESTGATE ELEMENTARY SCHOOL,0
4,0
WESTHILL ELEMENTARY,0.2
1,0.2
WESTON HIGH SCHOOL,0
2,0
WESTPARK CHRISTIAN ACADEMY,0
4,0
WESTSIDE HIGH SCHOOL,0
8,0
WESTSIDE SCHOOL,1.2
7,1.2
WESTVIEW ELEMENTARY,0.2
5,0.2
WESTWOOD ELEMENTARY SCHOOL,0
8,0
WESTWOOD MIDDLE SCHOOL,0.2
5,0.2
WEYERHAEUSER ELEMENTARY,0
8,0
WHATCOM HILLS WALDORF,0
2,0
WHATCOM MIDDLE SCHOOL,0.1
2,0.1
WHIDBEY CHRISTIAN ELEMENTARY SCHOOL,0
2,0
WHIDBEY ISLAND WALDORF SCHOOL,0
2,0
WHITE BLUFFS ELEMENTARY SCHOOL,0.3
4,0.3
WHITE CENTER HEIGHTS ELEMENTARY,0.3
7,0.3
WHITE PASS ELEMENTARY SCHOOL,0
0,0
WHITE PASS JR. SR. HIGH SCHOOL,0
3,0
WHITE RIVER HIGH SCHOOL,0
8,0
WHITE SALMON ACADEMY,0
3,0
WHITE SWAN HIGH SCHOOL,0
0,0
WHITMAN ELEMENTARY,0
5,0
WHITMAN ELEMENTARY SCHOOL,0.2
6,0.2
WHITMAN MIDDLE SCHOOL,0
7,0
WHITNEY ELEMENTARY,0
2,0
4,0
WHITSTRAN ELEMENTARY,0
4,0
WHITTIER ELEMENTARY,0
2,0
4,0
WHITTIER ELEMENTARY SCHOOL,1.3
7,0.2
10,1.1
WHOLE EARTH MONTESSORI SCHOOL,0
1,0
WIDE HOLLOW ELEMENTARY,0
4,0
WILBUR ELEMENTARY SCHOOL,0
0,0
WILBUR SECONDARY SCHOOL,0
0,0
WILDER ELEMENTARY,0
1,0
WILDWOOD ELEMENTARY,0
10,0
WILDWOOD ELEMENTARY SCHOOL,0
9,0
WILEY ELEMENTARY,0
4,0
WILKESON ELEMENTARY SCHOOL,0.4
8,0.4
WILLAPA ELEMENTARY,0
0,0
WILLAPA VALLEY MIDDLE-HIGH,0
0,0
WILLARD ELEMENTARY,0.9
5,0.9
WILSON CREEK ELEMENTARY,0
0,0
WILSON CREEK HIGH,0
0,0
WILSON ELEMENTARY,0.3
5,0.3
WILSON HIGH SCHOOL,0.2
6,0.2
WILSON MIDDLE SCHOOL,0
4,0
WIND RIVER MIDDLE SCHOOL,1.7
0,1.7
WINDSOR ELEMENTARY,0.2
5,0.2
WINDWARD HIGH SCHOOL,0
0,0
WING LUKE ELEMENTARY SCHOOL,1.1
9,1.1
WINLOCK MIDDLE SCHOOL,0
3,0
WINLOCK MILLER ELEMENTARY,0
3,0
WINLOCK SENIOR HIGH,0
3,0
WISHKAH VALLEY ELEMENTARY/HIGH SCHOOL,0
6,0
WISHRAM HIGH AND ELEMENTARY SCHL,1.3
3,1.3
WOODBROOK MIDDLE SCHOOL,0
10,0
WOODBURN ELEMENTARY,0.8
3,0.8
WOODIN ELEMENTARY,0
1,0
WOODINVILLE COMMUNITY CENTER,0
1,0
WOODINVILLE HIGH SCHOOL,0.1
0,0.1
WOODINVILLE MONTESSORI SCHOOL,0
1,0
WOODLAND ELEMENTARY,1
10,1
WOODLAND HIGH SCHOOL,0.7
3,0.7
WOODLAND INTERMEDIATE SCHOOL,0.4
3,0.4
WOODLAND MIDDLE SCHOOL,1.4
3,1.4
WOODLAND PRIMARY,0.9
3,0.9
WOODLANDS ELEMENTARY,0
6,0
WOODMONT ELEMENTARY SCHOOL,0
9,0
WOODMOOR ELEMENTARY,0.2
0,0.2
WOODRIDGE ELEMENTARY,0.3
5,0
9,0.3
WOODSIDE ELEMENTARY,0
0,0
WOODWARD MIDDLE SCHOOL,0.2
6,0.2
WYEAST MIDDLE SCHOOL,0
3,0
YACOLT PRIMARY,0.5
3,0.5
YAKIMA ADVENTIST CHRISTIAN SCHOOL,3.9
4,3.9
YAKIMA SATELLITE ALTERNATIVE PROGRAMS,0
4,0
YALE ELEMENTARY,0
3,0
YELLOW WOOD ACADEMY,0
9,0
YELM EXTENSION SCHOOL,0
0,0
YELM HIGH SCHOOL 12,0.3
0,0.3
YELM MIDDLE SCHOOL,0.3
10,0.3
YELM PRAIRIE ELEMENTARY,0.4
0,0.4
YORK ELEMENTARY SCHOOL,0.6
3,0.6
ZEIGER ELEMENTARY,0.1
10,0.1
ZILLAH HIGH SCHOOL,0.7
4,0.7
ZILLAH INTERMEDIATE SCHOOL,0.3
4,0.3
ZILLAH MIDDLE SCHOOL,0
4,0
ZION LUTHERAN SCHOOL,0
1,0
ZION PREPARATORY ACADEMY,0
9,0
Grand Total,906.3